order_id,merchant_id,customer_name,device_fingerprint,upi_vpa,delivery_lat,delivery_lon,order_amount_inr,order_date,dispute_filed,dispute_reason
ORD-08380badf6,M_TrendMart,Yochana Din,dfp_5de926ae9975cace186b,ochand@oksbi,17.445054,78.34465,23660.42,2026-03-17T00:00:00,False,item_not_as_described
ORD-1824d6528a,M_FashionNest,Hredhaan Dass,dfp_58ef336b9a7f938057de,ukaul@okhdfcbank,19.119738,72.851506,5661.39,2026-02-01T00:00:00,False,
ORD-71b7d4ff23,M_FashionNest,Oni Yohannan,dfp_1d1c3bbd969cdc9892f4,vinayakanda@paytm,12.927243,77.636652,42881.63,2026-03-18T00:00:00,False,
ORD-f40d86fff1,M_GadgetKart,Ojas Suri,dfp_ddffd5d023ae69da3eb4,logan25@ybl,12.924411,77.618845,19006.4,2026-02-22T00:00:00,False,item_not_as_described
ORD-8ef40de0ae,M_GadgetKart,Ayush Banerjee,dfp_e47754a77591dd8adb71,eshana77@ybl,17.446431,78.328155,14757.37,2026-03-22T00:00:00,False,
ORD-58a5fbe673,M_TrendMart,Abdul Chhabra,dfp_a48a2d032dde499da86b,lkanda@ybl,17.431887,78.363933,22784.78,2026-01-11T00:00:00,False,item_not_as_described
ORD-ad7c08edc1,M_TrendMart,Warhi Gandhi,dfp_699ee1d65b0d065b70bf,swamyekani@okhdfcbank,28.598808,77.043374,27932.03,2026-04-29T00:00:00,False,item_not_as_described
ORD-070b031f7e,M_TrendMart,Yatin Yohannan,dfp_662bedec3cb78e127885,priya96@okhdfcbank,13.004744,80.266725,27762.64,2026-07-16T00:00:00,False,
ORD-0ee1e30a68,M_ElectroHub,Shravya Shankar,dfp_820d212aa4e6feb083f4,wishiagrawal@okhdfcbank,13.008398,80.24925,39535.68,2026-02-14T00:00:00,False,item_not_as_described
ORD-13cf07b095,M_GadgetKart,Baghyawati Mishra,dfp_d5225cc605c8c7742755,gopalbawa@paytm,19.125799,72.847274,24589.59,2026-01-02T00:00:00,False,
ORD-d74faf3823,M_TrendMart,Maanas Sheth,dfp_6827e32726cb71dd0218,sacharomaja@okhdfcbank,28.588689,77.037774,40739.49,2026-06-20T00:00:00,False,item_not_as_described
ORD-20ed8ae618,M_TrendMart,Karan Chana,dfp_b09a024c90a064dad0da,eta62@oksbi,13.011851,80.239886,44100.76,2026-07-12T00:00:00,False,
ORD-722a8d5b9e,M_TrendMart,Yug Bumb,dfp_da273bf5b3fafeae7f84,twable@paytm,17.417202,78.371668,40015.66,2026-05-04T00:00:00,False,item_not_as_described
ORD-72ab0c92ca,M_FashionNest,Brinda Raju,dfp_1ae55c370c22d6376f21,brindaraju_y@okhdfcbank,28.592237,77.046139,51044.8,2026-01-31T00:00:00,True,item_not_received
ORD-2953c048a7,M_HomeBazaar,Chatura Bal,dfp_01ba7879f14864e8208b,wviswanathan@paytm,12.924412,77.617938,35508.29,2026-05-14T00:00:00,False,item_not_as_described
ORD-1964f982be,M_FashionNest,Udarsh Deep,dfp_1364e218202fb2c4d1b0,anthonythaman@ybl,19.121323,72.850812,29119.86,2026-03-27T00:00:00,False,
ORD-9f5a7dff09,M_ElectroHub,Daksha Brahmbhatt,dfp_b1b5907fc20c5c3b16a7,zilmilchatterjee@ybl,28.598166,77.050982,13175.73,2026-04-07T00:00:00,False,item_not_as_described
ORD-0d16f48f61,M_TrendMart,Kashvi Randhawa,dfp_6c82a1895ae38c1decc5,nayarchasmum@paytm,12.947652,77.636114,44131.08,2026-06-06T00:00:00,False,item_not_as_described
ORD-7606331ea1,M_FashionNest,Omkaar Banik,dfp_cc31be8d44640b9aaf1c,william02@paytm,19.126025,72.861352,13959.97,2026-05-06T00:00:00,False,
ORD-cd78c61f44,M_ElectroHub,Chaitaly Bhagat,dfp_ff8573d0d2c8e8954f7a,ranveermanne@oksbi,12.935792,77.62441,31763.23,2026-04-27T00:00:00,True,item_not_received
ORD-068d98a2da,M_GadgetKart,Faras Nair,dfp_7d79b3367050f854a155,fghose@oksbi,17.427792,78.351068,24771.28,2026-04-19T00:00:00,False,
ORD-df10a96393,M_GadgetKart,Vansha Kaul,dfp_84608ac583b2cbb762b4,mandernilima@okhdfcbank,17.438471,78.34875,6076.28,2026-04-01T00:00:00,False,item_not_as_described
ORD-91d8a74c19,M_HomeBazaar,Yachana Uppal,dfp_c8123d64594d82189606,ranganathanjanuja@paytm,12.936534,77.625379,39044.49,2026-06-14T00:00:00,True,
ORD-60b227fdc4,M_ElectroHub,Girik Khalsa,dfp_a4a0fd61b7e52299b694,niharikasunder@okhdfcbank,17.440807,78.350351,4912.54,2026-04-26T00:00:00,False,
ORD-a38d6fca02,M_TrendMart,Raghav Dara,dfp_28e250fc568beb23339f,dkale@oksbi,13.004585,80.256138,4937.07,2026-02-28T00:00:00,False,
ORD-b2022e9660,M_HomeBazaar,Ronith Lall,dfp_a6f1135bcff4d45f1f82,borraanirudh@paytm,19.117041,72.837572,34180.13,2026-06-17T00:00:00,False,item_not_as_described
ORD-6067dcf90b,M_ElectroHub,Wyatt Shukla,dfp_4aab9a82d5c6f348a651,lokeshivani@paytm,19.107877,72.851971,35123.94,2026-03-07T00:00:00,False,
ORD-613ac21c58,M_TrendMart,Kamya Lad,dfp_18aac10c65d9e092f2ec,ubika17@paytm,17.440829,78.354494,20727.02,2026-03-01T00:00:00,False,
ORD-a8f8332377,M_TrendMart,Amol Varma,dfp_f9a20e44afd3d42811bd,maanasmanne@paytm,17.424561,78.359434,39583.31,2026-04-19T00:00:00,False,
ORD-72eb099335,M_FashionNest,Chanchal Sachdev,dfp_810bfeb5e18a5d068092,doralaksh@paytm,19.12081,72.846558,22613.55,2026-04-22T00:00:00,True,
ORD-45174e3ba8,M_GadgetKart,Harshil Munshi,dfp_2ea78ae5ef25abd9fcd6,chandani26@okhdfcbank,28.578777,77.038049,39692.05,2026-06-22T00:00:00,False,
ORD-0982514cc9,M_GadgetKart,Vasatika Srinivas,dfp_8bd96a04e86a2bcc4508,lkade@oksbi,19.122478,72.839247,21604.28,2026-05-02T00:00:00,False,
ORD-a649f18e2d,M_ElectroHub,Eshana Hegde,dfp_6a4b43c86cf9df0c9c11,qcomar@okhdfcbank,13.015033,80.237316,33001.66,2026-07-02T00:00:00,False,item_not_as_described
ORD-50ce18d9eb,M_GadgetKart,Raghav Doctor,dfp_4ef46d385193b80acca3,daksheshraval@ybl,12.930295,77.614106,7044.37,2026-05-10T00:00:00,False,
ORD-6837a04cd5,M_HomeBazaar,Diya Sundaram,dfp_1ae55c370c22d6376f21,brindaraju98@oksbi,28.591819,77.046314,57390.66,2026-02-01T00:00:00,True,item_not_received
ORD-e539e8d205,M_ElectroHub,Aarna Kapadia,dfp_af237184d46f1d86ff3d,sanayaprasad@oksbi,17.431373,78.346242,35027.83,2026-06-21T00:00:00,False,
ORD-3f8ed56eff,M_ElectroHub,Praneel Sagar,dfp_8e0a7652378912d8486e,parmartara@ybl,12.915824,77.623419,4198.21,2026-02-09T00:00:00,False,
ORD-4f9d937367,M_TrendMart,Qushi Choudhry,dfp_cfacbe5170a109355938,vidhi84@paytm,28.606091,77.062593,9208.54,2026-05-10T00:00:00,False,
ORD-f1c25523b1,M_HomeBazaar,Hemangini Raj,dfp_9135bbcbf69a2cafff9f,omaja62@okhdfcbank,28.591339,77.044726,24483.59,2026-06-09T00:00:00,False,
ORD-2431d408c1,M_ElectroHub,Fariq Sami,dfp_fe1c447b09d3770f9b26,zansimagar@oksbi,13.003377,80.262615,43713.63,2026-05-12T00:00:00,False,item_not_as_described
ORD-38ae428efe,M_GadgetKart,Oni Morar,dfp_cd07d91034fad19c8965,onimorar@oksbi,12.935189,77.624454,4654.93,2026-06-25T00:00:00,False,
ORD-2492b2144a,M_TrendMart,Waida Dey,dfp_2c4e0dbe4e7c1eab541c,qchhabra@oksbi,12.934877,77.62212,41691.76,2026-07-09T00:00:00,False,item_not_as_described
ORD-7aa84c8b17,M_FashionNest,Wriddhish Bhardwaj,dfp_9c3877df499bf33a2210,farhanchada@okhdfcbank,12.928078,77.629436,31176.7,2026-05-25T00:00:00,False,item_not_as_described
ORD-432716cb64,M_ElectroHub,David Seshadri,dfp_ee4ec4d275cac41c7be5,ozafrado@okhdfcbank,12.986915,80.269874,39515.75,2026-05-17T00:00:00,False,
ORD-546f90c642,M_TrendMart,Ekbal Singhal,dfp_0fbcd138393a58f13395,rehaankrishna@okhdfcbank,19.11921,72.845418,30727.41,2026-02-03T00:00:00,False,item_not_as_described
ORD-e720bc6112,M_GadgetKart,Udant Varty,dfp_25175c864b3aed3815de,wpandit@paytm,12.934925,77.624094,41087.65,2026-06-03T00:00:00,False,
ORD-9605368fff,M_ElectroHub,Tripti Yadav,dfp_d337643e7d80fdfed273,radhakrishnanfarhan@okhdfcbank,12.93473,77.623724,40658.61,2026-06-22T00:00:00,False,item_not_as_described
ORD-283f220e32,M_HomeBazaar,Udyati Kunda,dfp_3949797c3ec30635def0,oliver99@okhdfcbank,28.592457,77.042693,38280.62,2026-07-18T00:00:00,False,item_not_as_described
ORD-24cf429d24,M_HomeBazaar,Harshil Verma,dfp_2d60f9c8d4a0ca56b3de,adya98@paytm,19.125755,72.854266,31515.37,2026-02-19T00:00:00,False,
ORD-63e8166fc8,M_HomeBazaar,Avni Ramaswamy,dfp_96052d9c8a3deeb93241,ishaan93@ybl,13.00101,80.256102,35185.89,2026-04-27T00:00:00,False,
ORD-5e69c665bc,M_GadgetKart,Ekiya Gade,dfp_01c7991ca04ed2db78c0,gavincomar@oksbi,19.119675,72.846749,1868.2,2026-01-25T00:00:00,False,
ORD-766d35e53c,M_HomeBazaar,Yashasvi Dutta,dfp_c934e35783131cb3aef6,zyadav@ybl,12.999888,80.254676,23327.12,2026-01-29T00:00:00,False,
ORD-77c0ef6904,M_GadgetKart,Janaki Handa,dfp_f8b24f98b098d2f129a3,bathvedant@ybl,12.999552,80.266289,42400.97,2026-03-09T00:00:00,False,
ORD-6ceb822b15,M_HomeBazaar,Harsh Kota,dfp_9beac10d0d5e323d5e9d,bachittar74@okhdfcbank,19.113034,72.862506,15567.96,2026-04-30T00:00:00,False,item_not_as_described
ORD-472e71cb0c,M_TrendMart,Mason Char,dfp_8a1dcc1e0cc6e99f1373,vamakshibarad@okhdfcbank,17.439644,78.349473,20959.92,2026-04-20T00:00:00,False,item_not_as_described
ORD-bf6978b2e9,M_GadgetKart,Yashasvi Suresh,dfp_c4166f241547b277be96,charan16@ybl,19.126801,72.841895,3838.41,2026-04-09T00:00:00,False,item_not_as_described
ORD-def174deb6,M_TrendMart,Jalsa Bir,dfp_7304e5194b3754eb33d6,ramakrishnanupma@paytm,12.934843,77.628674,25824.62,2026-04-02T00:00:00,False,
ORD-8d9b2985bb,M_FashionNest,Sachi Rai,dfp_ba96c8358195bb7b1800,krishnanurvi@paytm,17.440212,78.352807,41313.89,2026-01-18T00:00:00,False,
ORD-cf18ce92bd,M_ElectroHub,Chakradev Kant,dfp_92bc394580434a741f87,amollal@oksbi,13.000308,80.257107,17516.55,2026-01-19T00:00:00,False,
ORD-dd8b231b13,M_TrendMart,Urvashi Barad,dfp_7385fcc92cfede625132,anyarau@okhdfcbank,13.007665,80.259556,1343.66,2026-05-16T00:00:00,False,item_not_as_described
ORD-944ac8e67a,M_HomeBazaar,Orinder Sinha,dfp_77cd98a9c25bf891aed9,badalekansh@oksbi,17.450268,78.357602,14430.11,2026-03-19T00:00:00,False,
ORD-9f42115036,M_HomeBazaar,Zaitra Dash,dfp_c667dc5020cf15f20caa,fiyaz24@ybl,19.116613,72.836079,44009.1,2026-06-11T00:00:00,False,
ORD-9a720bf6cf,M_HomeBazaar,Jalsa Gola,dfp_9aabaf4660b93b38cea8,akshay82@oksbi,19.121087,72.848173,37908.26,2026-02-18T00:00:00,False,item_not_as_described
ORD-3ad1ecda50,M_ElectroHub,Amrita Tailor,dfp_978c5a311383799d1ec3,devganesh@okhdfcbank,12.93093,77.625843,44654.57,2026-02-03T00:00:00,False,item_not_as_described
ORD-6642ea7745,M_TrendMart,Harinakshi Pau,dfp_ecd855a1678fc24f4f0f,rushilupadhyay@oksbi,19.118514,72.849869,33461.57,2026-07-04T00:00:00,False,
ORD-2411c28208,M_TrendMart,Barkha Mukhopadhyay,dfp_465277f4ad6ecda37b00,gabriel87@ybl,17.439973,78.346845,7070.91,2026-03-08T00:00:00,False,item_not_as_described
ORD-0a1e11a46c,M_HomeBazaar,Abhiram Chokshi,dfp_be237a468cb5ce8ed611,qdesai@ybl,19.109876,72.844547,6111.63,2026-07-01T00:00:00,False,item_not_as_described
ORD-885af0c2e2,M_ElectroHub,Ikbal Khatri,dfp_95ffbb5272d1f6807d27,chandreshwali@ybl,17.433663,78.351421,2122.66,2026-05-24T00:00:00,False,item_not_as_described
ORD-3aadb13898,M_TrendMart,Madhavi Lanka,dfp_31d5c9cdfd9a0ed42b45,bmangal@ybl,17.429141,78.354825,8571.73,2026-03-21T00:00:00,False,
ORD-1223317e6f,M_FashionNest,Ekantika Rout,dfp_b0f79123abb4e3b90d8f,indrajit18@okhdfcbank,28.609949,77.048197,35398.81,2026-01-06T00:00:00,False,item_not_as_described
ORD-5893662d44,M_TrendMart,Falak Nagar,dfp_ad67b62777d29f244eda,mayamistry@oksbi,12.998277,80.251576,3589.78,2026-05-22T00:00:00,False,item_not_as_described
ORD-7b2af26766,M_HomeBazaar,Raagini Boase,dfp_96878a33cd17b1908892,dipta14@paytm,19.10734,72.855629,38524.48,2026-06-07T00:00:00,False,
ORD-293eb9613f,M_GadgetKart,Veda Kulkarni,dfp_fdec7d1801d992b02874,hemangini62@paytm,19.121671,72.840759,3959.82,2026-07-12T00:00:00,False,item_not_as_described
ORD-1e663dda6f,M_HomeBazaar,Girindra Shere,dfp_8b1e3d36f1af72b314e6,deyjairaj@paytm,17.439829,78.347174,29114.0,2026-05-01T00:00:00,False,
ORD-1a5fb44cf8,M_ElectroHub,Hardik Johal,dfp_7979c9debe77e71a0d8b,aishanibumb@oksbi,12.930402,77.629479,44016.33,2026-02-03T00:00:00,False,item_not_as_described
ORD-14656751d2,M_FashionNest,Vasatika Ahuja,dfp_785cd2cee513598546f0,riagandhi@okhdfcbank,17.451261,78.336935,7653.7,2026-05-06T00:00:00,False,item_not_as_described
ORD-9795be0c82,M_FashionNest,Yutika Sibal,dfp_7df68b78feb69ebbbb3b,fmorar@ybl,12.936805,77.624857,27527.73,2026-01-24T00:00:00,False,
ORD-6358a43efa,M_TrendMart,Rehaan Koshy,dfp_02a1af33a2bf8f98c724,chanchal34@okhdfcbank,17.439342,78.359433,2279.61,2026-07-18T00:00:00,False,
ORD-27f8798a03,M_GadgetKart,Peter Borde,dfp_bc69d9a0f548c378df69,oscarvarkey@okhdfcbank,12.935086,77.624571,41172.05,2026-04-05T00:00:00,False,
ORD-3f8b3d8ff5,M_FashionNest,Ranveer Manne,dfp_ff8573d0d2c8e8954f7a,ranveermanne@paytm,12.935406,77.624456,38380.59,2026-04-29T00:00:00,True,item_not_received
ORD-be60715e05,M_FashionNest,Ganga Sandhu,dfp_9ac3d7575220348a4829,zkata@ybl,12.913231,77.619461,9337.77,2026-03-23T00:00:00,False,
ORD-cb0d3f5d19,M_HomeBazaar,Yatin Borah,dfp_c586d77d7e248572e6af,loyalmitesh@okhdfcbank,12.954195,77.647222,8904.12,2026-07-17T00:00:00,True,item_not_as_described
ORD-bdcc911d02,M_HomeBazaar,Ati Dani,dfp_5b5c85a36e2b19ea3be1,gunbirramesh@paytm,12.937828,77.642873,13915.0,2026-03-19T00:00:00,False,
ORD-915445cb88,M_ElectroHub,Mekhala Nanda,dfp_d8f15f2ea0bd0005ef9c,zinal70@okhdfcbank,17.439825,78.34816,16900.56,2026-04-21T00:00:00,False,item_not_as_described
ORD-6b9e7f25b4,M_ElectroHub,Shravya Singhal,dfp_608dcfae8a75ddd5c9b5,bachittar34@okhdfcbank,12.944289,77.606627,5573.15,2026-05-08T00:00:00,False,item_not_as_described
ORD-c0f3ede5cb,M_HomeBazaar,Bhanumati Nazareth,dfp_5d7245f98daf91bb3c4c,vedhikaoza@okhdfcbank,12.926251,77.629199,31678.45,2026-07-02T00:00:00,False,item_not_as_described
ORD-f505093629,M_GadgetKart,Advaith Varughese,dfp_a713af71c7e4a6562074,frederickkhurana@paytm,12.922041,77.634836,25608.54,2026-02-09T00:00:00,False,
ORD-511bfd4058,M_HomeBazaar,Thomas Amble,dfp_f36d657e6fca2f2f51d1,bhargavaveer@okhdfcbank,13.015901,80.269053,1181.98,2026-05-22T00:00:00,False,
ORD-d3fab40601,M_HomeBazaar,Zilmil Mander,dfp_e128b1bdec9a6bb6a8dc,krishnaronith@oksbi,19.106752,72.845534,12028.94,2026-04-09T00:00:00,False,item_not_as_described
ORD-79152febed,M_ElectroHub,Yatan Tata,dfp_3877f3778bbe6120813d,aarini77@ybl,17.451277,78.341861,2237.3,2026-03-24T00:00:00,False,item_not_as_described
ORD-e565f1aad0,M_ElectroHub,Yadavi Nagy,dfp_2f54d2cb5823dba74cd8,lmadan@ybl,13.010944,80.259379,34855.41,2026-04-29T00:00:00,False,item_not_as_described
ORD-3f4289a9a4,M_ElectroHub,Yashodhara Mahajan,dfp_b08863c61694899f6388,esubramanian@oksbi,17.432612,78.333815,16973.85,2026-03-14T00:00:00,False,item_not_as_described
ORD-69153d2506,M_TrendMart,Faris Sura,dfp_8bf19f9de1d121eb3dc0,peter50@oksbi,12.998903,80.255726,9381.83,2026-07-17T00:00:00,False,item_not_as_described
ORD-281c953262,M_GadgetKart,Maanav Gola,dfp_cd07d91034fad19c8965,onimorar@oksbi,12.935226,77.624527,3742.46,2026-06-29T00:00:00,False,
ORD-4d34c28c5c,M_ElectroHub,Samaksh Jayaraman,dfp_f7e7727340e4aabf19ed,samakshjayaraman8@okhdfcbank,19.119897,72.84684,16181.78,2026-03-05T00:00:00,True,item_not_received
ORD-0901355281,M_GadgetKart,Yashica Upadhyay,dfp_1610de2c4f9c0c8dd12c,emistry@okhdfcbank,19.133219,72.820445,36788.0,2026-01-26T00:00:00,False,item_not_as_described
ORD-492238dee3,M_ElectroHub,Oscar Goda,dfp_02f3d2392345140bb28f,eeshaparmer@ybl,19.120586,72.842142,37416.28,2026-05-19T00:00:00,False,
ORD-0f200c3eeb,M_TrendMart,Omkaar Rai,dfp_f84fd81c783c2ed3b2f4,liamluthra@paytm,28.569037,77.05224,4564.58,2026-02-28T00:00:00,False,
ORD-6ce757c22d,M_HomeBazaar,Lajita Chatterjee,dfp_0890b01058478be93761,hemangini94@okhdfcbank,12.998861,80.252454,16265.6,2026-04-23T00:00:00,False,
ORD-904a274378,M_TrendMart,Adweta Kale,dfp_646ace2c4a585c92bea3,bhasinmitali@paytm,28.596825,77.046256,8646.15,2026-02-18T00:00:00,False,item_not_as_described
ORD-a313826012,M_TrendMart,Indrajit Mani,dfp_d5411224146295006565,charvidara@okhdfcbank,12.933598,77.622336,42400.14,2026-01-12T00:00:00,False,item_not_as_described
ORD-e16c2c4937,M_FashionNest,Indali Walia,dfp_faa50de094376b4658f6,om54@paytm,12.995951,80.249161,6388.27,2026-06-29T00:00:00,False,item_not_as_described
ORD-053676f596,M_GadgetKart,Rehaan Kara,dfp_af24cbee951537649165,mohammedbrahmbhatt@oksbi,19.11832,72.845592,19817.15,2026-01-23T00:00:00,False,item_not_as_described
ORD-d6972d7e77,M_TrendMart,Anthony Baral,dfp_4229340a8c3325562915,anthonybaral_p@oksbi,17.43951,78.348808,46020.02,2026-07-07T00:00:00,True,item_not_received
ORD-d7f91613d0,M_TrendMart,Ganga Buch,dfp_d2b1c06054b90f6e3b22,dakshlata@oksbi,28.567237,77.037031,12864.73,2026-04-21T00:00:00,False,item_not_as_described
ORD-18efe37fdd,M_GadgetKart,Zehaan Srivastava,dfp_c6847a9ccc11da81e837,rushil50@ybl,13.004329,80.247714,11394.76,2026-05-21T00:00:00,False,item_not_as_described
ORD-ffbde5e9d5,M_FashionNest,Bhavya Rattan,dfp_cddef78411b752a19e57,shagaurang@paytm,17.434189,78.342843,31358.58,2026-02-11T00:00:00,False,
ORD-c2361189bf,M_TrendMart,Yuvraj Dutta,dfp_0bfb39b2fc846fed4df6,dhriti32@paytm,19.118381,72.849362,38113.27,2026-07-02T00:00:00,False,item_not_as_described
ORD-756c245652,M_GadgetKart,Ojasvi Sawhney,dfp_5b07d942851180bb50ea,fganesh@ybl,17.438614,78.349542,17463.38,2026-02-09T00:00:00,False,
ORD-7f3f5876d9,M_TrendMart,Samesh Mallick,dfp_bba8f790976f28805d2a,chaudryrachit@ybl,28.594586,77.046842,42985.63,2026-07-01T00:00:00,False,item_not_as_described
ORD-3716d899e8,M_HomeBazaar,Krishna Prashad,dfp_347432dc39aa3ce56812,zachariakiaan@okhdfcbank,13.006177,80.257251,8960.28,2026-01-28T00:00:00,False,
ORD-46cd046944,M_ElectroHub,Jai Sen,dfp_221b7baece39b09658a7,oliverkakar@paytm,12.931753,77.623634,35060.65,2026-06-05T00:00:00,False,
ORD-2914351e7c,M_ElectroHub,Zashil Ben,dfp_1ade2478b1a52d76c3c5,jprabhu@oksbi,17.442548,78.345294,4291.99,2026-01-28T00:00:00,False,
ORD-8826bd7cdb,M_GadgetKart,Frederick Chopra,dfp_c2abb4934b4b798f4e55,ishaganesan@oksbi,17.434452,78.349118,26281.48,2026-07-11T00:00:00,False,item_not_as_described
ORD-bf7a9109e4,M_GadgetKart,Brinda Raju,dfp_1ae55c370c22d6376f21,brindaraju98@oksbi,28.592365,77.046477,45497.39,2026-02-03T00:00:00,True,item_not_received
ORD-657cb859d8,M_TrendMart,Xalak Saraf,dfp_abeadbc12c2cedb6617b,girish80@ybl,12.99932,80.256146,10364.61,2026-07-18T00:00:00,False,
ORD-a9d11291a8,M_GadgetKart,Raghav Chhabra,dfp_1a70531e0ba917227808,madhavbalan_W@paytm,13.000667,80.256592,28382.12,2026-06-08T00:00:00,True,item_not_received
ORD-578f52e061,M_ElectroHub,Diya Dar,dfp_d952ebb4629fdaa460cc,rehaankalita@ybl,28.595526,77.034254,21596.8,2026-06-24T00:00:00,False,item_not_as_described
ORD-b4caa41fd9,M_GadgetKart,Gaurav Kapadia,dfp_f34c819e9c780cc68428,udant46@okhdfcbank,12.913622,77.642445,7588.26,2026-04-05T00:00:00,False,
ORD-522531de18,M_GadgetKart,Chandran Rastogi,dfp_265d92ba400ea28a1a60,frederick68@ybl,12.996932,80.265302,26720.25,2026-06-27T00:00:00,False,item_not_as_described
ORD-a4df26686a,M_HomeBazaar,Pratyush Bhagat,dfp_ce86360084483d819979,sbora@oksbi,17.432443,78.35063,4315.14,2026-07-07T00:00:00,False,item_not_as_described
ORD-d4fb4ed885,M_TrendMart,Madhav Sule,dfp_e711bb97a6c1a6ecfa9c,banjeet37@ybl,28.593301,77.045205,32617.98,2026-01-13T00:00:00,False,
ORD-25074d04ee,M_GadgetKart,Kala Mane,dfp_ac24db2b7014d8b81440,rakshamittal@okhdfcbank,12.945485,77.632597,28932.99,2026-01-21T00:00:00,False,item_not_as_described
ORD-c72083eb8d,M_GadgetKart,Ekta Raj,dfp_497a3ac8af500168a5b4,sudiksha89@ybl,28.58634,77.053582,1553.69,2026-06-06T00:00:00,False,
ORD-b59bd1c6f5,M_FashionNest,Laban Raman,dfp_2e209c3e6293f9079013,maanas45@paytm,19.115607,72.854708,43011.47,2026-01-13T00:00:00,False,item_not_as_described
ORD-19a99c789f,M_FashionNest,Idika Pandey,dfp_d2186ec7a67c59a774db,idikapandey33@oksbi,12.935164,77.624503,17038.26,2026-03-17T00:00:00,True,item_not_received
ORD-b2aea9caa0,M_GadgetKart,Niharika Gupta,dfp_b0d60dcfebdec3c334cc,chatterjeeraagini@oksbi,12.995198,80.247813,28456.67,2026-05-04T00:00:00,False,
ORD-201ccf1a73,M_ElectroHub,Mohammed Gupta,dfp_655bc91029a4a774c164,teerth09@okhdfcbank,12.936952,77.622473,23948.09,2026-02-06T00:00:00,False,item_not_as_described
ORD-61a1feba8b,M_FashionNest,Chakradhar Chaudhary,dfp_5cf76275e73949500572,hbabu@okhdfcbank,12.942176,77.620693,24980.21,2026-02-06T00:00:00,False,
ORD-c9d0e26688,M_TrendMart,Warinder Sekhon,dfp_af5b34418dab31f003d3,forum49@ybl,12.936272,77.627527,15649.37,2026-04-16T00:00:00,False,
ORD-22a0d344d4,M_ElectroHub,Utkarsh Chana,dfp_b7c4cc9c83e63bad31a8,wchaudhari@paytm,19.114213,72.847703,13167.4,2026-05-14T00:00:00,False,
ORD-419feb5414,M_GadgetKart,Vansha Iyengar,dfp_4dc63e6025dd95ff3f3a,ekani40@ybl,19.11152,72.86115,36159.06,2026-01-02T00:00:00,False,item_not_as_described
ORD-18afedb3df,M_GadgetKart,Aahana Bawa,dfp_d9557d9027c0450f3a95,timothy91@paytm,12.926159,77.610944,16467.58,2026-07-01T00:00:00,False,
ORD-a268e6d26c,M_FashionNest,Sanaya Thaman,dfp_900b73017a1e5b11be60,kapadiarachana@ybl,17.441552,78.347372,6486.62,2026-02-02T00:00:00,False,
ORD-c77916d5f3,M_TrendMart,Charita Savant,dfp_f9ee170d894a0d186482,amruta69@ybl,17.440551,78.34909,20581.92,2026-01-22T00:00:00,False,item_not_as_described
ORD-dcdcb8cbe0,M_HomeBazaar,Indira Dhar,dfp_0b12c003f836e1d0275b,waidamore@ybl,12.999133,80.265798,42898.96,2026-03-02T00:00:00,False,item_not_as_described
ORD-26fa384b50,M_ElectroHub,Faras Deo,dfp_fe46920336e160ce44ee,zilmilsaxena@oksbi,12.935516,77.625446,5853.58,2026-06-07T00:00:00,False,
ORD-7cad06fcbe,M_TrendMart,Chandran Soman,dfp_7ec873177169b1ef27f7,kashish05@paytm,17.443272,78.351086,11546.01,2026-05-09T00:00:00,False,
ORD-da9a64ffb7,M_TrendMart,Lakshit Garde,dfp_fdeab65b2e726a63040d,ishita79@paytm,12.999671,80.255293,36780.27,2026-04-28T00:00:00,False,
ORD-7bef125d69,M_GadgetKart,Harita Pant,dfp_79c5e0450f239cd204ec,kashvi10@ybl,12.94682,77.612812,6153.11,2026-07-20T00:00:00,False,item_not_as_described
ORD-d1561fac9f,M_GadgetKart,Viraj Chana,dfp_4947a6808501b73495f4,alexandertak@okhdfcbank,19.117854,72.847749,21920.94,2026-05-31T00:00:00,False,
ORD-3ace7050cf,M_GadgetKart,Rehaan Salvi,dfp_288b3004a88d354eb1c6,nghosh@ybl,17.44156,78.347353,11208.89,2026-04-07T00:00:00,False,
ORD-81c9193437,M_FashionNest,Zashil Dhingra,dfp_7bcf0f76a6a590e81a4c,merchantsamar@oksbi,13.01139,80.23701,21284.92,2026-03-31T00:00:00,False,item_not_as_described
ORD-37cabcad53,M_GadgetKart,Hemang Tripathi,dfp_7fac5031815c83ca43ca,mohammedsubramaniam@okhdfcbank,17.416231,78.33245,22638.91,2026-03-03T00:00:00,False,
ORD-bd6da1f16f,M_ElectroHub,Pranav Soni,dfp_9fcef0f58e1a3e76189f,irya39@oksbi,17.435417,78.368067,34217.21,2026-06-09T00:00:00,False,
ORD-0a14b3da87,M_HomeBazaar,Balveer Bora,dfp_88290e837d54f6727ebe,teerthsrinivas@ybl,19.108735,72.826788,20275.47,2026-06-05T00:00:00,False,item_not_as_described
ORD-2888e7c327,M_HomeBazaar,Vritti Barad,dfp_1a7ca2384b03e087347a,bhallaviraj@oksbi,13.003107,80.254082,18631.25,2026-04-02T00:00:00,False,
ORD-6f73b9ae44,M_HomeBazaar,Nisha Sastry,dfp_1c2a8469ba65475412a1,bhatnagaradvika@ybl,17.431475,78.358321,19550.73,2026-07-17T00:00:00,False,item_not_as_described
ORD-f0661a6df3,M_HomeBazaar,Ekalinga Chand,dfp_b971848d7f00c01ca7ad,chanderrachana@oksbi,12.996036,80.252098,33476.53,2026-05-05T00:00:00,False,item_not_as_described
ORD-88d3c87144,M_TrendMart,Zaid Borra,dfp_3cc94ff8c1d25c904261,dchaudhari@ybl,17.441351,78.353796,21692.42,2026-02-22T00:00:00,False,
ORD-595cd2e8b7,M_FashionNest,Madhav Kunda,dfp_97887820496ac40925c9,oscardua@paytm,28.586202,77.060038,17434.9,2026-05-06T00:00:00,False,
ORD-4ef95d4d59,M_ElectroHub,Oni Setty,dfp_95281b3f317f9f3b354a,nakul54@paytm,28.590481,77.045441,2922.52,2026-05-12T00:00:00,False,item_not_as_described
ORD-2a676d94fb,M_ElectroHub,Veer Kota,dfp_dd968dee372a19f0227d,saanvi22@ybl,19.125867,72.855342,2097.1,2026-04-30T00:00:00,False,
ORD-42dd096633,M_TrendMart,Harini Choudhury,dfp_f39d3b4acc908a1a0676,radhika27@paytm,17.460541,78.342623,28783.17,2026-01-07T00:00:00,False,
ORD-4616561bfe,M_FashionNest,Kamala Chanda,dfp_0888e46cf0feb64e5524,charanloyal@okhdfcbank,28.590093,77.04595,20031.23,2026-05-11T00:00:00,False,item_not_as_described
ORD-e4fb757ed3,M_FashionNest,Sanaya Mani,dfp_6add829bb5595894233b,jacobdeep@oksbi,17.439944,78.348908,746.58,2026-06-01T00:00:00,False,
ORD-2e0ab69902,M_GadgetKart,Chandresh Krish,dfp_6c04f75f6aa19cb12bab,shankiaan@paytm,28.604208,77.066473,16550.52,2026-03-01T00:00:00,False,
ORD-c52261e8eb,M_ElectroHub,Mohini Narasimhan,dfp_6cedb0235a852e55cbab,ekaraj45@okhdfcbank,28.581203,77.051955,9054.95,2026-02-18T00:00:00,False,
ORD-ffc21f6cf2,M_TrendMart,Wriddhish Ghose,dfp_5a6d8f0a2ddd173f03a6,dugaraarnav@oksbi,12.940421,77.616382,4007.04,2026-06-26T00:00:00,False,
ORD-64f91ed4de,M_HomeBazaar,Qadim Gupta,dfp_5fa79d107327f06cc20b,piyengar@ybl,28.583235,77.053711,26789.58,2026-01-02T00:00:00,False,item_not_as_described
ORD-6252ec5cf5,M_FashionNest,Praneel Murty,dfp_aa606b1ce8cbdf126cd1,johalmaanas@ybl,17.445344,78.33489,15500.99,2026-03-23T00:00:00,False,
ORD-3249d262c6,M_ElectroHub,Aarna Gole,dfp_e26716017e03f63e0500,ubahl@oksbi,17.42011,78.369232,9785.41,2026-02-16T00:00:00,False,item_not_as_described
ORD-bd74f953ae,M_ElectroHub,Dayita Shenoy,dfp_496133d786a0224ca2df,dbarad@okhdfcbank,13.007692,80.259429,35309.18,2026-06-12T00:00:00,False,
ORD-6cf85ee709,M_HomeBazaar,Vasudha Dhaliwal,dfp_f58626766452dc780893,puricaleb@okhdfcbank,28.602191,77.034657,34829.45,2026-05-10T00:00:00,False,item_not_as_described
ORD-64582af858,M_ElectroHub,Nandini Loyal,dfp_694b0e8bba51a55db446,kakardivya@okhdfcbank,28.595558,77.046372,31525.47,2026-06-02T00:00:00,False,item_not_as_described
ORD-409c3b6c42,M_GadgetKart,Harsh Amble,dfp_2b7c9bfa9d17cc34ab70,barkha41@okhdfcbank,19.117361,72.849475,30985.88,2026-03-28T00:00:00,False,
ORD-085d29facf,M_GadgetKart,Prisha Ravel,dfp_f7e7727340e4aabf19ed,samakshjayaraman56@oksbi,19.119628,72.846605,13358.61,2026-03-16T00:00:00,True,item_not_received
ORD-4e09b1d939,M_TrendMart,Ishwar Kar,dfp_b2d1a95e69b3654c29e8,amairadhar@paytm,13.011846,80.272035,32178.12,2026-04-21T00:00:00,False,
ORD-f2da621b5c,M_GadgetKart,Ati Rajagopal,dfp_39975fccfd820ced48ee,oniiyengar@ybl,12.933795,77.620164,12140.81,2026-07-06T00:00:00,False,
ORD-447b2e102b,M_ElectroHub,Ethan Sathe,dfp_8f65bd4014ff1b8383a2,chandani64@okhdfcbank,12.945706,77.609168,33701.57,2026-02-23T00:00:00,False,
ORD-ee4a0989be,M_HomeBazaar,Timothy Nath,dfp_b4b94ca679674c147a21,farajuppal@ybl,17.428615,78.359104,37448.74,2026-02-20T00:00:00,False,item_not_as_described
ORD-1b6f8f1a5e,M_FashionNest,Bhavani Bala,dfp_97bcf122f907c6be5860,samesh89@okhdfcbank,28.588273,77.051059,25298.59,2026-07-17T00:00:00,False,item_not_as_described
ORD-59fa97d6c4,M_FashionNest,Gaurika Pall,dfp_d5413c73e897edac3ddf,hsaha@okhdfcbank,28.568952,77.0365,21376.32,2026-03-07T00:00:00,False,
ORD-cea4ab0667,M_FashionNest,Azad Narayanan,dfp_15a8fae7893a431fcb12,varkeywazir@paytm,28.595223,77.043403,40702.27,2026-01-20T00:00:00,False,
ORD-1837c66adc,M_FashionNest,Vinaya Babu,dfp_04154e90470b4afddefa,walinisha@okhdfcbank,12.934342,77.624885,8231.98,2026-04-08T00:00:00,False,
ORD-dfe65e1931,M_FashionNest,Ishaan Cherian,dfp_0f0b9e776993caaf1adf,missac@ybl,28.591745,77.045602,21400.07,2026-05-09T00:00:00,False,
ORD-34e1213028,M_GadgetKart,Girik Menon,dfp_d4ee166547dc986629cf,nidhikohli@ybl,13.008789,80.258442,25538.99,2026-01-21T00:00:00,False,item_not_as_described
ORD-603b9525d0,M_TrendMart,Urvi Deo,dfp_2224fc6eb76c9612b15f,abhiramkapur@paytm,12.9354,77.62468,24236.23,2026-03-30T00:00:00,False,item_not_as_described
ORD-4f3c2d9bfb,M_HomeBazaar,Ayushman Mammen,dfp_d2186ec7a67c59a774db,idikapandey@okhdfcbank,12.935073,77.624603,40522.55,2026-03-14T00:00:00,True,item_not_received
ORD-e77e79c821,M_TrendMart,Priya Gandhi,dfp_462fcaf5bf19c0e62d34,samueljhaveri@ybl,12.923277,77.614403,22287.09,2026-03-30T00:00:00,False,item_not_as_described
ORD-920b5786db,M_ElectroHub,Omkaar Chad,dfp_3e4e33bbcebb63547a45,yutika95@okhdfcbank,17.449224,78.333675,21236.65,2026-02-18T00:00:00,False,
ORD-3d47a6f279,M_HomeBazaar,Lajita Divan,dfp_77f9a2fe6887831b8cc3,azadchoudhary@ybl,19.123383,72.844771,10965.33,2026-02-07T00:00:00,True,
ORD-3a72907d84,M_ElectroHub,Aryan Maharaj,dfp_b8901398bb674dc2643c,udantdewan@ybl,19.113634,72.84011,4626.28,2026-01-07T00:00:00,False,
ORD-9c3094beba,M_FashionNest,Samuel Bhavsar,dfp_84b80eb9432f3b35d2fb,bandisanya@okhdfcbank,28.583591,77.052306,42910.45,2026-04-24T00:00:00,True,
ORD-3aeff0e3e7,M_TrendMart,Luke Biswas,dfp_3b51bc86a69bbf3a2bcb,galaria@ybl,28.598846,77.032262,22536.02,2026-01-27T00:00:00,False,
ORD-df17db997f,M_HomeBazaar,Nachiket Chhabra,dfp_546f0d8505bbc5d4b9a3,brarwaida@ybl,19.103402,72.848667,41521.16,2026-01-23T00:00:00,False,item_not_as_described
ORD-3f38ea9d0f,M_FashionNest,Varenya Kala,dfp_241d763e20e6f43f78cf,anikamagar@okhdfcbank,12.996174,80.249935,16283.17,2026-01-06T00:00:00,False,item_not_as_described
ORD-718e487561,M_ElectroHub,Andrew Patil,dfp_da7f90faf5bbf930a501,pranit35@okhdfcbank,12.92681,77.614347,4617.61,2026-04-11T00:00:00,False,item_not_as_described
ORD-9e7f0da1ab,M_FashionNest,Yug Kar,dfp_b84df386e8ed4c6e8d44,nigamansh@okhdfcbank,12.951197,77.624422,39003.96,2026-01-30T00:00:00,False,item_not_as_described
ORD-60e4b33b2c,M_TrendMart,Chatura Vora,dfp_b998bbe431aec618885c,isridhar@oksbi,12.920475,77.645759,8797.13,2026-05-04T00:00:00,False,
ORD-83b590a712,M_HomeBazaar,Madhav Balan,dfp_1a70531e0ba917227808,madhavbalan_W@paytm,13.000925,80.256799,22516.29,2026-06-05T00:00:00,True,item_not_received
ORD-d88708c4d3,M_FashionNest,Darpan Gandhi,dfp_faf8b51579a6bd4dc802,bhavya71@ybl,28.584206,77.054796,9394.86,2026-02-23T00:00:00,False,item_not_as_described
ORD-3472f16f4c,M_GadgetKart,Abha Patel,dfp_290ed00b38facfecfb47,aarini50@paytm,28.579542,77.044244,26977.66,2026-05-02T00:00:00,False,item_not_as_described
ORD-e6bad8753b,M_FashionNest,Zashil Savant,dfp_c4cbdcc4036bde81d9f3,xsule@paytm,28.591588,77.045039,12801.09,2026-07-15T00:00:00,False,item_not_as_described
ORD-3cac5cfe94,M_TrendMart,Ayaan Raju,dfp_28450709a42892466dcb,gabatanish@okhdfcbank,28.590432,77.049916,19694.06,2026-04-12T00:00:00,False,item_not_as_described
ORD-bd830fae74,M_TrendMart,Lila Prakash,dfp_14938c3afb8487faf0f6,amol51@okhdfcbank,17.43422,78.343957,12693.86,2026-06-22T00:00:00,False,item_not_as_described
ORD-193f79e445,M_HomeBazaar,Lohit Chatterjee,dfp_18e9c15944105c2cac8e,mannanleena@okhdfcbank,19.13248,72.854798,21719.83,2026-01-03T00:00:00,False,item_not_as_described
ORD-4ab05cf566,M_TrendMart,Yochana Sagar,dfp_60cd700da514750bab03,jbhardwaj@oksbi,28.5932,77.045538,25510.75,2026-05-20T00:00:00,False,item_not_as_described
ORD-ab40e69d60,M_FashionNest,Hardik Contractor,dfp_ae9feb47eae46ec521c6,qushiseth@paytm,12.937596,77.622013,44820.15,2026-06-03T00:00:00,False,
ORD-bf623f2db2,M_FashionNest,Nihal Hans,dfp_61d19840d4907254853b,vihaankata_o@ibl,19.119815,72.846825,41831.83,2026-03-01T00:00:00,True,item_not_received
ORD-cd42d8748a,M_HomeBazaar,Udyati Sathe,dfp_42833d2706686451758d,gkala@ybl,17.444687,78.34671,12445.81,2026-06-14T00:00:00,False,
ORD-3122ead273,M_ElectroHub,Christopher More,dfp_0676654e42398830603b,jagdisharora@oksbi,12.937281,77.62042,4609.86,2026-04-26T00:00:00,False,item_not_as_described
ORD-d6eb5ba81a,M_FashionNest,Kashish De,dfp_2204c729d17c3c6cfa5f,narayanjason@oksbi,12.980315,80.265756,14810.07,2026-05-06T00:00:00,False,item_not_as_described
ORD-395b8ed6a0,M_HomeBazaar,Balvan Verma,dfp_d2dfa98d61ec036929f0,balvanverma92@paytm,19.119742,72.846837,23290.92,2026-03-30T00:00:00,True,item_not_received
ORD-659782eb52,M_ElectroHub,Rajata Sunder,dfp_2d3bdca79467ae184e5f,ramachandrangayathri@paytm,13.003525,80.258233,26396.6,2026-02-04T00:00:00,False,
ORD-cbb016c77d,M_TrendMart,Isaiah Bhagat,dfp_49a87d7afaac901e50a6,manbirmani@ybl,28.590332,77.046369,22456.13,2026-04-20T00:00:00,False,
ORD-f7b0200aae,M_HomeBazaar,Megha Balasubramanian,dfp_264e625fdc20dba21890,idugar@paytm,12.945258,77.627035,17523.83,2026-05-20T00:00:00,False,
ORD-27383dca8c,M_HomeBazaar,Nakul Modi,dfp_af3740070e0746e2460c,kalefalak@ybl,19.117971,72.841932,26598.14,2026-04-24T00:00:00,False,
ORD-b47040b74b,M_GadgetKart,Sachi Dave,dfp_6b2bbe8e9f957d9a372d,narulajason@okhdfcbank,19.112879,72.845442,12922.58,2026-01-28T00:00:00,False,item_not_as_described
ORD-c686d77107,M_ElectroHub,Girik Subramaniam,dfp_e5f12613736fd45a8e41,aaravsankar@oksbi,17.442839,78.350237,31703.97,2026-01-04T00:00:00,False,item_not_as_described
ORD-3f889b559c,M_TrendMart,Ucchal Jani,dfp_1cfe2928c12328d0f858,maanas55@okhdfcbank,17.448577,78.360539,43981.07,2026-05-06T00:00:00,False,item_not_as_described
ORD-0525e286fb,M_TrendMart,Ekalinga Mital,dfp_f91c5ae66b5cd98fdaca,contractorarin@ybl,17.44075,78.351339,10112.98,2026-06-20T00:00:00,False,
ORD-47aa24afd1,M_TrendMart,Veda Shroff,dfp_0090759c52cd02b21851,uloyal@okhdfcbank,19.121245,72.834898,26577.33,2026-05-25T00:00:00,False,item_not_as_described
ORD-07beed9890,M_HomeBazaar,Chaitanya Kaur,dfp_001be17ec5831d9f56c8,kashvidugal@okhdfcbank,19.114284,72.856835,4071.49,2026-01-07T00:00:00,False,
ORD-288732e93d,M_FashionNest,Nirja Thaker,dfp_6c728f7b7a010a92266f,tbhatia@okhdfcbank,19.116757,72.848798,25159.49,2026-04-04T00:00:00,False,
ORD-fc4e0f458f,M_FashionNest,Harinakshi Shanker,dfp_cf692997eee204962690,ebala@okhdfcbank,12.932443,77.623463,18217.3,2026-02-02T00:00:00,False,
ORD-e22ed8bda5,M_ElectroHub,Victor Kota,dfp_4df00cc8dab80cb6627e,jpal@paytm,17.442552,78.347738,16153.97,2026-01-27T00:00:00,False,
ORD-b6588d68a4,M_ElectroHub,Abhiram Oza,dfp_eb4091b36606720eafeb,samikevin@okhdfcbank,12.936707,77.6242,9519.29,2026-05-02T00:00:00,False,
ORD-47f521f1c3,M_FashionNest,Krishna Ramaswamy,dfp_16d6b0588fa6a4ea3bf5,ubikaseth53@ibl,13.001329,80.256599,11749.25,2026-05-03T00:00:00,True,item_not_received
ORD-31adf43798,M_FashionNest,Ria Raju,dfp_23a42897bcc926ec582b,rachit77@okhdfcbank,17.445071,78.345956,32346.13,2026-01-12T00:00:00,False,item_not_as_described
ORD-9b074cc97c,M_HomeBazaar,Darsh Rao,dfp_37f341cce70783eb8c2d,ranveer17@oksbi,12.933443,77.62444,9630.03,2026-06-30T00:00:00,False,item_not_as_described
ORD-aa7278316d,M_GadgetKart,Hamsini Ben,dfp_590c938464dab47f8476,lopaahluwalia@okhdfcbank,19.118925,72.845228,4163.85,2026-07-09T00:00:00,False,
ORD-2d57e9b101,M_FashionNest,Upkaar Padmanabhan,dfp_5e4fafea2ece5f0dcb05,kai16@paytm,13.007646,80.278844,10048.86,2026-02-13T00:00:00,False,item_not_as_described
ORD-83dde1effc,M_HomeBazaar,Aarav Pandit,dfp_f5790ba07ea6ebc8ca10,omajagrover@okhdfcbank,28.589614,77.032642,30414.62,2026-06-24T00:00:00,False,
ORD-da1748c293,M_HomeBazaar,Nirja Bains,dfp_ab60797b52d9d3c4d7db,calebdatta@oksbi,13.006551,80.252906,20766.61,2026-06-02T00:00:00,False,item_not_as_described
ORD-5fbd0577eb,M_FashionNest,Chaitanya Sarin,dfp_a225343cf4b0ab01468e,venkateshronith@paytm,13.001688,80.243313,31217.61,2026-06-06T00:00:00,False,
ORD-430767a3d3,M_GadgetKart,Unnati Varughese,dfp_a10c09f1809fce7565ef,kabir89@oksbi,28.592318,77.045944,42374.04,2026-02-01T00:00:00,False,item_not_as_described
ORD-e54e05ddf4,M_GadgetKart,Fariq Bahl,dfp_cb8183990937e1e20c3b,tanveer28@okhdfcbank,12.937806,77.625405,4265.92,2026-07-08T00:00:00,False,item_not_as_described
ORD-044a2b64ca,M_FashionNest,Aadi Banerjee,dfp_039248dffc3aebeb41e7,amol82@okhdfcbank,17.44433,78.339107,1021.92,2026-04-06T00:00:00,False,
ORD-af0f466119,M_FashionNest,Onveer Nazareth,dfp_b4d9a34f0c2bde3becdb,balakrishnanfinn@paytm,12.927186,77.624606,44305.32,2026-07-11T00:00:00,False,
ORD-02cfc0fb0f,M_GadgetKart,Krishna Soni,dfp_ff3fc25ff4cc7202e413,andraonveer@oksbi,17.445335,78.353783,19925.86,2026-06-01T00:00:00,False,item_not_as_described
ORD-d6fb235057,M_TrendMart,Hemani Natarajan,dfp_3bc658b446b5825392be,ushah@oksbi,28.591474,77.047539,22704.97,2026-01-08T00:00:00,False,
ORD-50255f5019,M_HomeBazaar,Onkar Bhasin,dfp_4dbfbd00b4c5b9862d03,onkarbhasin@paytm,19.120282,72.846202,13716.81,2026-03-10T00:00:00,True,item_not_received
ORD-b9e39c61a9,M_ElectroHub,Oliver Oommen,dfp_00b1fd92cecfe304903e,obiswas@paytm,28.602776,77.031263,43091.73,2026-04-18T00:00:00,False,item_not_as_described
ORD-7f0d588ae6,M_ElectroHub,Chakradev Bhagat,dfp_2a515b4c544d7d9f1e8d,jonathan71@okhdfcbank,28.608712,77.060164,24077.34,2026-05-01T00:00:00,False,
ORD-10630d0a8b,M_ElectroHub,Amaira Walla,dfp_80b5a7bd9feeea695e19,kandalipika@ybl,13.001628,80.259408,39252.32,2026-05-31T00:00:00,False,
ORD-e4abab6c0d,M_TrendMart,Madhav Balan,dfp_1a70531e0ba917227808,madhavbalan@paytm,13.001722,80.256338,49728.74,2026-06-07T00:00:00,True,item_not_received
ORD-3c3a0c977a,M_TrendMart,Kala Divan,dfp_b8cd1fa7a5eca2f6e012,cdatta@oksbi,12.934207,77.627101,7706.69,2026-02-03T00:00:00,False,item_not_as_described
ORD-2b5964e6dd,M_GadgetKart,Abha Raghavan,dfp_80a7ba26ad11c96f5241,siddharth75@paytm,19.14321,72.829766,35163.93,2026-07-18T00:00:00,False,
ORD-d8395bde72,M_HomeBazaar,Ekani Iyer,dfp_1cb5de7e2775ab4b0166,lmurthy@okhdfcbank,28.567598,77.059943,36015.11,2026-05-23T00:00:00,False,item_not_as_described
ORD-8822467df9,M_ElectroHub,Widisha Sani,dfp_a0c7f95764afd5b04927,kairai@oksbi,28.582117,77.058666,16403.01,2026-06-17T00:00:00,False,item_not_as_described
ORD-2b0ef5af1c,M_TrendMart,Abhiram Bawa,dfp_10c5d6dd3a90c6408283,xmangat@ybl,28.592819,77.046238,30476.44,2026-01-25T00:00:00,False,
ORD-6a5d3a3e58,M_FashionNest,Sarthak Suresh,dfp_f10c4dce77241951b7ff,varsha58@okhdfcbank,17.442699,78.349294,29437.65,2026-02-23T00:00:00,False,item_not_as_described
ORD-0167eb810b,M_HomeBazaar,Logan Bal,dfp_8cec94f7bd1da43cdf8f,qmerchant@paytm,17.443351,78.369535,8287.99,2026-05-18T00:00:00,False,item_not_as_described
ORD-677f5e7905,M_TrendMart,Ubika Tella,dfp_53f8512a9dc2f9d4ff4e,hemanibakshi@okhdfcbank,17.44099,78.360764,40271.52,2026-06-03T00:00:00,False,item_not_as_described
ORD-9ae1265e56,M_HomeBazaar,William Maharaj,dfp_a8f7b74bdc67a3abc1f7,tbrahmbhatt@okhdfcbank,17.441393,78.349589,24278.88,2026-04-11T00:00:00,False,
ORD-72054edd13,M_GadgetKart,Vincent Warrior,dfp_b2196ced25100c298f90,gillomisha@oksbi,28.578942,77.035636,44261.91,2026-07-06T00:00:00,False,
ORD-f70f2eabce,M_TrendMart,David Kurian,dfp_d2186ec7a67c59a774db,idikapandey33@oksbi,12.935341,77.62439,38911.16,2026-03-11T00:00:00,True,item_not_received
ORD-41959cbbec,M_GadgetKart,Owen Choudhary,dfp_713b6f95b2abbd195174,deepalexander@okhdfcbank,19.107864,72.831053,3596.61,2026-04-13T00:00:00,False,
ORD-64a5192ded,M_GadgetKart,Sachi Ganesan,dfp_9493008214bb32754cf7,ayush05@ybl,19.117505,72.848228,15195.4,2026-02-18T00:00:00,False,
ORD-1674dbb95d,M_FashionNest,Abeer Mital,dfp_fed0f0ea4e2dcd3f3da6,tanishmurty@oksbi,17.430469,78.33658,42263.4,2026-07-20T00:00:00,False,
ORD-fa13abdb46,M_TrendMart,Lipika Kibe,dfp_99f0b5767d4722cee1e9,samar51@paytm,12.945218,77.634541,30488.54,2026-03-03T00:00:00,False,item_not_as_described
ORD-1dd793c3cc,M_HomeBazaar,Bachittar Rege,dfp_61d19840d4907254853b,vihaankata@okhdfcbank,19.119908,72.846594,40741.16,2026-03-09T00:00:00,True,item_not_received
ORD-3689ff3e83,M_GadgetKart,Ranveer Manne,dfp_ff8573d0d2c8e8954f7a,ranveermanne@oksbi,12.935309,77.624508,22246.37,2026-04-09T00:00:00,True,item_not_received
ORD-117daffb34,M_TrendMart,Jagat Gokhale,dfp_ad92817080d4d65d2483,iwadhwa@paytm,17.443174,78.348257,18264.67,2026-04-01T00:00:00,False,
ORD-fb9da3056a,M_TrendMart,Warinder Raju,dfp_83c726616231a68cd9af,prasadudarsh@okhdfcbank,13.010392,80.241221,33061.14,2026-06-22T00:00:00,False,item_not_as_described
ORD-e1b0dca6ad,M_TrendMart,Saumya Dey,dfp_9f4b3735f5ea04ffd13a,rgoswami@ybl,19.124498,72.857135,2749.79,2026-04-18T00:00:00,False,
ORD-d1b681abe0,M_TrendMart,Prisha Andra,dfp_7e71ad5518edbeac8132,borramanthan@okhdfcbank,12.995495,80.261834,1668.67,2026-03-15T00:00:00,False,item_not_as_described
ORD-788dcce852,M_GadgetKart,Elijah Thakur,dfp_22e399f2350847de09a7,harini18@oksbi,12.942076,77.634032,41363.86,2026-01-02T00:00:00,False,item_not_as_described
ORD-2c15ccd17b,M_GadgetKart,Kalpit Oak,dfp_6f3510849f3232cd42f6,ekiyabhargava@ybl,28.59249,77.04452,18647.36,2026-01-23T00:00:00,False,
ORD-8deee4c337,M_TrendMart,Ryan Barman,dfp_509a08dd633ec5abf959,dayita86@paytm,19.113002,72.8413,27916.21,2026-05-19T00:00:00,False,item_not_as_described
ORD-dc4fbcc087,M_GadgetKart,Lakshmi Palla,dfp_218b4c5ec9bf4876ad33,sandalkrish@oksbi,28.604515,77.064524,34210.9,2026-06-04T00:00:00,False,
ORD-07cc2116f3,M_GadgetKart,Anya Vaidya,dfp_5a946e28569d1345dee5,girindrabarad@ybl,12.920009,77.599042,3945.39,2026-07-05T00:00:00,False,item_not_as_described
ORD-86f953ab1c,M_ElectroHub,Eiravati Lal,dfp_54e6935d4aa28946dd3f,borahhema@ybl,17.443712,78.346802,15637.62,2026-02-12T00:00:00,False,item_not_as_described
ORD-7717353575,M_HomeBazaar,Nakul Walla,dfp_a065b627c3e1224f3c3f,upandey@paytm,19.118326,72.847745,30432.21,2026-02-23T00:00:00,False,
ORD-143cc849ea,M_ElectroHub,Chaaya Parmer,dfp_ddd1c3c7b07c8f7a45a0,raagini23@ybl,12.933993,77.612055,11771.67,2026-03-10T00:00:00,False,item_not_as_described
ORD-dbba0b04a5,M_ElectroHub,Baljiwan Andra,dfp_24eaad155f90841988c3,hredhaan54@paytm,13.004338,80.255346,5607.2,2026-02-23T00:00:00,False,item_not_as_described
ORD-6bedc4edd7,M_GadgetKart,Vamakshi Parmer,dfp_aa8c760145c4e38eaa18,onkar82@ybl,12.936715,77.624529,35484.3,2026-04-29T00:00:00,False,
ORD-70cabfced9,M_FashionNest,Laban Dugar,dfp_48a00f730d66e10dc81a,psur@paytm,17.437055,78.352263,37148.27,2026-07-18T00:00:00,False,item_not_as_described
ORD-80cc371799,M_ElectroHub,Onveer Sharma,dfp_0beed7b2a1df686c5787,gaurang61@paytm,19.112757,72.852173,31860.23,2026-05-16T00:00:00,False,item_not_as_described
ORD-30f924d3f1,M_GadgetKart,Pushti Bal,dfp_62baf32b02d725e9ca92,ayush24@oksbi,19.126677,72.846066,4347.19,2026-01-14T00:00:00,False,item_not_as_described
ORD-6a59e2ea61,M_FashionNest,Neha Pau,dfp_647c3283cdf3d3bcb82f,rattancharan@oksbi,28.607372,77.053611,10706.83,2026-01-14T00:00:00,False,item_not_as_described
ORD-91547f0379,M_HomeBazaar,Faras Choudhury,dfp_1c9c510e2a848271473d,tiwarisamaksh@ybl,17.447819,78.361845,2866.15,2026-03-21T00:00:00,False,item_not_as_described
ORD-225591fb00,M_GadgetKart,Kamala Bassi,dfp_ee52021535013c1a4a0d,zkarnik@okhdfcbank,12.939157,77.631294,41320.9,2026-07-16T00:00:00,False,item_not_as_described
ORD-4d1cfd2d43,M_ElectroHub,Jagat Gour,dfp_b3abfaf4ce26b0f1c614,qushidhillon@ybl,12.935272,77.624521,48532.15,2026-02-17T00:00:00,True,item_not_received
ORD-3244d25d83,M_FashionNest,Chasmum Dutt,dfp_80d30332d85ca0c7ab80,girik54@ybl,28.587632,77.04848,9792.44,2026-04-25T00:00:00,False,item_not_as_described
ORD-bbceaac067,M_FashionNest,Yachana Sagar,dfp_4116861c47e8d864fa71,fratti@okhdfcbank,28.59037,77.039293,17715.76,2026-04-11T00:00:00,False,item_not_as_described
ORD-9d8aec3b47,M_GadgetKart,Ubika Seth,dfp_16d6b0588fa6a4ea3bf5,ubikaseth_f@oksbi,13.001316,80.257025,51913.19,2026-05-09T00:00:00,True,item_not_received
ORD-54699924be,M_ElectroHub,Robert Rajagopalan,dfp_46569f3adadc16800276,pratta@paytm,19.120919,72.861328,25680.19,2026-05-15T00:00:00,False,item_not_as_described
ORD-4642fe608f,M_HomeBazaar,Nidhi Bora,dfp_4c6e8fdd73c089216065,edwinhemal@paytm,28.589351,77.043844,33093.98,2026-04-11T00:00:00,False,item_not_as_described
ORD-3bc399d8a4,M_GadgetKart,Balveer Ram,dfp_d2dfa98d61ec036929f0,balvanverma_D@paytm,19.119835,72.84683,18851.72,2026-03-28T00:00:00,True,item_not_received
ORD-c0624a26ba,M_TrendMart,Ikshita Bala,dfp_c93cbf105a50a14b7fcf,zbera@oksbi,28.576032,77.023688,16089.35,2026-05-22T00:00:00,False,
ORD-6b1352508a,M_ElectroHub,Dakshesh Borde,dfp_63487505e6f26b6e3d4d,gpatla@okhdfcbank,12.930948,77.630311,7564.92,2026-06-26T00:00:00,False,item_not_as_described
ORD-626a7ad33a,M_FashionNest,Hemang Ganesan,dfp_3c9bdb1269ad63fc8478,neelimathaman@okhdfcbank,19.130867,72.85603,18866.1,2026-01-06T00:00:00,False,
ORD-8c3a8d5bca,M_GadgetKart,Jalsa Nadig,dfp_57d3e7f86da3871968bc,lilasalvi@ybl,13.000463,80.257043,16943.06,2026-01-11T00:00:00,False,item_not_as_described
ORD-2a68964c80,M_GadgetKart,Libni Sarma,dfp_4694802e0509ba8f9b84,aganesan@oksbi,12.938961,77.63581,13766.41,2026-04-27T00:00:00,False,
ORD-230c28f857,M_FashionNest,Jackson Dey,dfp_bf42ef0c077c973a7790,baraddaksha@paytm,19.095964,72.836646,28079.21,2026-02-11T00:00:00,False,
ORD-6baea26f31,M_ElectroHub,Aayush Lal,dfp_d276002097acf6ae43c6,niharikatoor@oksbi,12.940534,77.645567,29065.31,2026-04-19T00:00:00,False,
ORD-6a80f58d66,M_TrendMart,Lekha Arora,dfp_886ead776a13329b1379,odika61@ybl,19.123404,72.849044,37878.82,2026-04-14T00:00:00,False,
ORD-65f5d51104,M_HomeBazaar,Ladli Mall,dfp_0ef71798ffe2d95acfc0,fkrishnan@ybl,17.443537,78.345982,1112.82,2026-02-22T00:00:00,False,
ORD-ac215d445f,M_FashionNest,Krish Vala,dfp_dda79f12c2e54d680216,dindaksh@ybl,19.105447,72.856198,9725.41,2026-02-14T00:00:00,False,item_not_as_described
ORD-7c99273788,M_HomeBazaar,Balveer Dube,dfp_e0b6afe1b7eaa72c8835,charan94@paytm,19.117078,72.849384,32199.98,2026-03-27T00:00:00,False,item_not_as_described
ORD-4cc48cda1e,M_TrendMart,Zarna Sharma,dfp_63b9e5f26b427873665d,abhiram03@okhdfcbank,13.015614,80.245852,11023.67,2026-03-11T00:00:00,False,item_not_as_described
ORD-6a63645eeb,M_TrendMart,Zilmil Johal,dfp_6fb606df91b7a6605641,vanya86@paytm,12.998478,80.251633,27341.57,2026-03-20T00:00:00,False,item_not_as_described
ORD-e9e727ed67,M_TrendMart,Sai Patil,dfp_38ef0cdddb7f609c4e86,ksachdev@oksbi,28.591843,77.046251,2511.43,2026-06-06T00:00:00,False,
ORD-a05a5ec5b7,M_GadgetKart,Yasti Mani,dfp_97a296f4c9600c7a78ad,rajlila@paytm,13.009837,80.258272,18549.86,2026-06-10T00:00:00,False,
ORD-e3cbfddca4,M_ElectroHub,Neelima Sandhu,dfp_8d424d012927c4b7cd51,swaminathansachi@oksbi,17.439497,78.347915,27001.31,2026-06-18T00:00:00,False,
ORD-207376246d,M_HomeBazaar,Henry Merchant,dfp_9f062dccf3ca63d1f4e1,hchada@oksbi,17.430645,78.369908,9658.69,2026-01-01T00:00:00,False,item_not_as_described
ORD-36ab2bddff,M_TrendMart,Gagan Sarna,dfp_9287fbefa27c26620bde,khalsashaurya@oksbi,19.118649,72.8472,20405.78,2026-02-10T00:00:00,True,item_not_as_described
ORD-95772740ea,M_HomeBazaar,Niharika Dubey,dfp_26752d5f56c8131720fd,nicholasgoel@okhdfcbank,13.000164,80.260707,11547.28,2026-05-04T00:00:00,False,item_not_as_described
ORD-6c4aeff239,M_FashionNest,Ekavir Karnik,dfp_d8bcbb415d85eb85a695,uchakraborty@paytm,12.913162,77.627556,34645.21,2026-03-02T00:00:00,False,
ORD-a67b081cec,M_FashionNest,Jyoti Narula,dfp_081e6033654eaabe7f3f,sahadarika@paytm,28.594135,77.023656,16399.56,2026-01-15T00:00:00,False,item_not_as_described
ORD-65d1198d42,M_FashionNest,Divya Dey,dfp_ce787b6ea09b7e424512,aradhanachad@ybl,12.916318,77.64293,9360.18,2026-06-07T00:00:00,False,item_not_as_described
ORD-b644b4250c,M_HomeBazaar,Anya Sama,dfp_a485a8a1c20e872ca1d5,veda15@oksbi,28.591468,77.037829,9114.19,2026-05-07T00:00:00,False,item_not_as_described
ORD-07eadb1b65,M_GadgetKart,Alka Jhaveri,dfp_d49c70b8dc51f0d61c17,samakshkrish@ybl,19.127452,72.842624,43996.82,2026-01-11T00:00:00,False,
ORD-7d92f260c1,M_GadgetKart,Pahal Arya,dfp_2383be826c2cc0786dce,bakshilakshmi@oksbi,12.938375,77.620324,8389.49,2026-02-18T00:00:00,False,
ORD-806d0c45a5,M_HomeBazaar,Dhriti Sandhu,dfp_c3fa08a1fde21581e425,chandranchakradev@paytm,12.937448,77.615046,33390.77,2026-02-24T00:00:00,False,
ORD-7efcbc0cc2,M_HomeBazaar,Wahab Mukherjee,dfp_24e96256d7aa4dfa72c2,rushildin@okhdfcbank,13.001433,80.25546,8689.31,2026-02-22T00:00:00,False,
ORD-e464e8dbe8,M_TrendMart,Ayushman Raja,dfp_6d3c3a891b8b524d0ccc,wgera@ybl,28.577233,77.032854,38898.28,2026-01-24T00:00:00,False,item_not_as_described
ORD-a2b1d19305,M_ElectroHub,Chakradhar Konda,dfp_2a12370aeea0860b848b,dbora@okhdfcbank,12.912772,77.599979,36374.27,2026-05-15T00:00:00,False,item_not_as_described
ORD-cbe33326e0,M_TrendMart,Ijaya Soni,dfp_601cdbea5a450b79364f,sarmasneha@okhdfcbank,19.11943,72.856764,25449.41,2026-06-03T00:00:00,False,item_not_as_described
ORD-06fcf8fe03,M_TrendMart,Ekaraj Majumdar,dfp_a73ac4098320302fc569,yoak@ybl,17.442048,78.350371,33292.92,2026-03-15T00:00:00,False,item_not_as_described
ORD-c8696f8855,M_FashionNest,Yasti Dutta,dfp_7de73174576ae6f7509e,yastidutta@oksbi,17.440047,78.348961,2595.79,2026-01-23T00:00:00,False,
ORD-cd543bc46f,M_GadgetKart,Ridhi Shan,dfp_9e0b21128f3cf56c788a,sanghasamaksh@okhdfcbank,12.924811,77.62764,31408.8,2026-02-15T00:00:00,False,item_not_as_described
ORD-29f35dcc23,M_FashionNest,Yashica Issac,dfp_7c13b49786b5b441318c,kashviedwin@oksbi,17.443448,78.351539,9022.76,2026-07-04T00:00:00,False,item_not_as_described
ORD-a2ca17b5a2,M_FashionNest,Aarush Kulkarni,dfp_d3917b544423940ed2bc,aarushkulkarni@oksbi,13.001299,80.256494,4634.03,2026-04-27T00:00:00,False,
ORD-68c810debf,M_FashionNest,Pooja Kulkarni,dfp_600fe27066ebd0fd638f,pallavi95@ybl,12.9982,80.257167,1154.29,2026-02-11T00:00:00,False,item_not_as_described
ORD-59ce99bc77,M_HomeBazaar,Oscar Sharaf,dfp_48a04f99c05f05463cbf,irya49@ybl,12.936752,77.6286,15242.99,2026-02-11T00:00:00,False,
ORD-be5dae743e,M_GadgetKart,Gaurang Nayak,dfp_7cd3d3188f6597b7b8a6,qapte@ybl,28.602512,77.052838,20683.48,2026-02-13T00:00:00,False,item_not_as_described
ORD-c203415b5a,M_FashionNest,Ubika Seth,dfp_16d6b0588fa6a4ea3bf5,ubikaseth_f@oksbi,13.001234,80.25644,45444.7,2026-05-11T00:00:00,True,item_not_received
ORD-6bc3437c44,M_TrendMart,Warinder Soni,dfp_ab393067391f202231ab,farhan60@okhdfcbank,12.933786,77.624342,18749.37,2026-07-11T00:00:00,False,item_not_as_described
ORD-a5e4107fe2,M_FashionNest,Benjamin Sengupta,dfp_b18734c2754ae0bc0ea4,ekantasoni@okhdfcbank,28.572625,77.047468,14261.76,2026-03-12T00:00:00,False,item_not_as_described
ORD-a20db0c4d2,M_HomeBazaar,William Rajagopal,dfp_11f70dfd55ee942c86c2,nirjabassi@okhdfcbank,19.113077,72.859631,21784.72,2026-02-22T00:00:00,False,
ORD-5211680499,M_TrendMart,Ishaan Shenoy,dfp_90c81729deca85083cc6,dubewishi@ybl,19.101515,72.845713,19433.7,2026-06-25T00:00:00,False,
ORD-377df490bf,M_ElectroHub,Brinda Raju,dfp_1ae55c370c22d6376f21,brindaraju98@oksbi,28.592645,77.04604,52210.87,2026-01-26T00:00:00,True,item_not_received
ORD-670b42b57f,M_FashionNest,Naveen Gour,dfp_717db0f2fd5810191f8e,zayyanhari@ybl,28.582504,77.056006,8096.63,2026-04-18T00:00:00,False,
ORD-dd88f2be3a,M_FashionNest,Adya Virk,dfp_4dbd1629c3178585dde7,ishitarout@ybl,17.433738,78.353591,17550.21,2026-05-30T00:00:00,False,
ORD-f386626044,M_FashionNest,Anirudh Raja,dfp_c81421b9429ab6236b5b,varsha87@okhdfcbank,13.001493,80.254218,10016.62,2026-05-21T00:00:00,False,
ORD-307be7a34e,M_FashionNest,Darpan Biswas,dfp_61a5b5bc4c46ea67a9ec,sbalay@paytm,17.437595,78.352181,6258.41,2026-04-02T00:00:00,False,
ORD-36d3ffef28,M_TrendMart,Ikshita Kant,dfp_482a51b6d353cc08d5a3,garimanarula@paytm,19.121249,72.835938,39186.23,2026-01-18T00:00:00,False,
ORD-3505bb1197,M_ElectroHub,Kamya Gandhi,dfp_0a9456dc43e6a77fac31,randhawadalaja@okhdfcbank,17.438718,78.344564,36306.1,2026-05-29T00:00:00,False,
ORD-471583b5a8,M_ElectroHub,Garima Brahmbhatt,dfp_6407ad68eeb78e1daee9,idikanagarajan@oksbi,28.574726,77.058069,5053.14,2026-02-06T00:00:00,False,
ORD-f786a7a16d,M_HomeBazaar,Atharv Chand,dfp_68133553c8fdf0a7e99f,anshluthra@paytm,19.102956,72.846999,17470.46,2026-05-15T00:00:00,False,item_not_as_described
ORD-4c5f01c800,M_GadgetKart,Mitesh Gaba,dfp_497a94fd22b9d180127b,noahsarma@okhdfcbank,12.999661,80.257892,13973.9,2026-02-15T00:00:00,False,
ORD-dcbef1f34f,M_HomeBazaar,Sarthak Seth,dfp_3b33016f41031b6572a1,ubika41@paytm,19.123521,72.869056,14966.79,2026-06-26T00:00:00,False,
ORD-26eb6d1ace,M_ElectroHub,Raghav Nagi,dfp_19cbaea5ca77d4190efe,doshichandran@paytm,19.12888,72.842407,609.37,2026-01-29T00:00:00,False,
ORD-af05f8cc52,M_TrendMart,Chatresh Bhalla,dfp_b8aefecc2738f1f3ac33,amaradyal@oksbi,19.12479,72.845303,4911.25,2026-06-06T00:00:00,False,
ORD-6dc62553b8,M_FashionNest,Viraj Tiwari,dfp_c30543fe5a6e743849e6,issaconi@oksbi,17.443057,78.354577,44880.99,2026-04-29T00:00:00,False,item_not_as_described
ORD-91c556a17a,M_HomeBazaar,Daniel Viswanathan,dfp_b3171991ae5034e6b5ce,bordechanakya@oksbi,13.003813,80.253881,3946.77,2026-04-17T00:00:00,False,
ORD-024fefeeb3,M_ElectroHub,Lakshmi Parmer,dfp_d0db488e2052593c16eb,chakrika06@paytm,28.591935,77.045769,35784.03,2026-05-13T00:00:00,False,
ORD-f4d3d9ad22,M_ElectroHub,Hema Salvi,dfp_aa54570aa0dda3c1f2b0,wishi57@ybl,12.933407,77.605928,2848.38,2026-05-05T00:00:00,False,item_not_as_described
ORD-1c0561c96b,M_HomeBazaar,Onkar Bhasin,dfp_4dbfbd00b4c5b9862d03,onkarbhasin@paytm,19.119038,72.847494,54015.8,2026-03-11T00:00:00,True,item_not_received
ORD-89ff7b3b95,M_TrendMart,Dhriti Rama,dfp_b516bac67d242641435a,wcomar@ybl,19.11324,72.852688,15616.89,2026-07-18T00:00:00,False,
ORD-dbab0c6815,M_HomeBazaar,Manya Merchant,dfp_e129a7f541c268322b00,khatriwarda@ybl,13.017042,80.271864,5516.6,2026-06-20T00:00:00,False,
ORD-8cba026887,M_TrendMart,Ekavir Sodhi,dfp_fe521755f77ba249c1ad,xitidar@oksbi,28.592428,77.042955,12974.0,2026-02-17T00:00:00,False,
ORD-daae515a8f,M_HomeBazaar,Quincy Tata,dfp_63150a033a490e6c7fbc,qdalal@oksbi,17.446793,78.347259,11710.59,2026-05-24T00:00:00,False,item_not_as_described
ORD-3b47126431,M_ElectroHub,Nitesh Narang,dfp_f8fb2b6e40e3a66eee92,rdada@okhdfcbank,28.598165,77.046042,30711.76,2026-01-13T00:00:00,False,
ORD-4ee6ae8550,M_HomeBazaar,Abhimanyu Prakash,dfp_5f5b2eaa38fc30918eaa,nishasarkar@oksbi,13.007303,80.270394,10584.67,2026-05-03T00:00:00,False,item_not_as_described
ORD-13d2717471,M_TrendMart,Zinal Viswanathan,dfp_68bc18aeff59ef5c3592,radha25@paytm,28.596327,77.049653,17761.93,2026-01-31T00:00:00,False,item_not_as_described
ORD-03d446f15e,M_HomeBazaar,Praneel Setty,dfp_16d6b0588fa6a4ea3bf5,ubikaseth_f@oksbi,13.001324,80.256682,40717.62,2026-05-04T00:00:00,True,item_not_received
ORD-45db01efed,M_GadgetKart,Gavin Kothari,dfp_772ca6f8a24541d8461f,meghana80@ybl,28.608578,77.037811,11233.79,2026-02-21T00:00:00,False,
ORD-42b15a7ac7,M_ElectroHub,Idika Pandey,dfp_d2186ec7a67c59a774db,idikapandey@ybl,12.935414,77.624607,53310.07,2026-03-14T00:00:00,True,item_not_received
ORD-8a1eaa4cc8,M_HomeBazaar,Nimrat Borah,dfp_6646222781933bc3fd7e,edhithaborah@ybl,13.001011,80.256628,39141.98,2026-01-02T00:00:00,False,item_not_as_described
ORD-d46bd4fdee,M_GadgetKart,Veer Chaudhry,dfp_cea86b4b96613eb7a86f,warinder86@paytm,13.001886,80.258722,31056.27,2026-05-30T00:00:00,False,item_not_as_described
ORD-906c8e325f,M_FashionNest,Urvi Venkataraman,dfp_51b8b6950dd3f2f8fcc1,mdixit@okhdfcbank,12.927845,77.62957,42581.65,2026-02-23T00:00:00,False,
ORD-5f47b63bf0,M_HomeBazaar,Alka Wable,dfp_9ffa40c7ae29a7155ad5,ikakar@okhdfcbank,12.943165,77.630293,13324.98,2026-06-04T00:00:00,False,
ORD-d22c2a3b26,M_TrendMart,Zarna Aurora,dfp_1e8dce1a4ceaea10fc10,chanabhavani@oksbi,12.99029,80.243241,18845.26,2026-01-02T00:00:00,False,item_not_as_described
ORD-605b1886c0,M_GadgetKart,Ganga Keer,dfp_a188e0bf9a196abeba96,aryagaurav@oksbi,28.594767,77.037267,9444.29,2026-06-20T00:00:00,False,item_not_as_described
ORD-6d0b104c51,M_HomeBazaar,Frederick Kalita,dfp_9c6388f06e425bd819b3,esinha@okhdfcbank,19.122859,72.846283,31681.49,2026-03-13T00:00:00,False,item_not_as_described
ORD-d4dc093612,M_FashionNest,Shivani Shukla,dfp_84cc3803a38569e43d16,niharika18@okhdfcbank,17.448796,78.340013,563.64,2026-02-13T00:00:00,False,
ORD-d3b1f2ea47,M_FashionNest,Lila Nagy,dfp_682905b2915de6095a93,msahota@oksbi,17.434358,78.343995,21115.08,2026-02-10T00:00:00,False,item_not_as_described
ORD-d9842d753b,M_GadgetKart,Eta Raman,dfp_f471d37223134996311b,mukherjeerajeshri@okhdfcbank,12.93022,77.627429,7191.31,2026-02-22T00:00:00,False,
ORD-a540beea94,M_HomeBazaar,Ojas Chowdhury,dfp_68f710f029c182d61721,danieldutta@oksbi,19.11243,72.83956,40236.1,2026-04-04T00:00:00,False,
ORD-8fc3bd4307,M_ElectroHub,Jasmit Sachar,dfp_9dcdf357c7bcdae15aac,nachiket40@okhdfcbank,12.934912,77.623251,30586.98,2026-03-04T00:00:00,False,item_not_as_described
ORD-cd4a8f68d9,M_FashionNest,Bhavani Singh,dfp_f2d215f5073c92cc2666,vsastry@okhdfcbank,28.606988,77.058005,17556.96,2026-02-05T00:00:00,False,item_not_as_described
ORD-73bf1d607a,M_FashionNest,Mekhala Jani,dfp_a3d360e94162315e4e32,lsubramanian@okhdfcbank,13.006252,80.267853,29802.57,2026-03-11T00:00:00,False,item_not_as_described
ORD-0fdb45ec8f,M_ElectroHub,Azaan Khurana,dfp_a8fbd781148fcd9eaf89,vrinda97@oksbi,28.593792,77.057192,31599.89,2026-07-17T00:00:00,False,
ORD-c28a9412e2,M_GadgetKart,Anthony Baral,dfp_4229340a8c3325562915,anthonybaral_p@oksbi,17.44003,78.348958,43266.59,2026-07-06T00:00:00,True,item_not_received
ORD-510ab31cc4,M_ElectroHub,Brinda Raju,dfp_1ae55c370c22d6376f21,brindaraju_y@okhdfcbank,28.591763,77.046088,12359.49,2026-01-26T00:00:00,True,item_not_received
ORD-51b83ad8f6,M_GadgetKart,Edhitha Savant,dfp_881189cd06cb8f38a244,ksehgal@oksbi,12.931021,77.623801,3314.45,2026-04-03T00:00:00,False,item_not_as_described
ORD-c5ad8a496e,M_HomeBazaar,Radhika De,dfp_d98127fb590d54d4d04f,bishakhalal@oksbi,12.943745,77.61471,31467.55,2026-06-16T00:00:00,False,
ORD-098c097dd3,M_ElectroHub,Reva Hans,dfp_d2e8a41d7a5ee1e36d56,purohitishita@okhdfcbank,12.933167,77.624127,8843.93,2026-05-30T00:00:00,False,
ORD-c5a814b881,M_GadgetKart,Devansh Sachdeva,dfp_09396b3cc11d2574d8a9,inarayanan@okhdfcbank,19.121682,72.845843,26621.3,2026-03-01T00:00:00,False,
ORD-840a29ed5b,M_FashionNest,Rachit Maharaj,dfp_f1c85cb9bf5ac844282a,sanaya20@okhdfcbank,17.437353,78.346937,13278.97,2026-07-13T00:00:00,False,
ORD-906456a295,M_TrendMart,Aradhana Date,dfp_2b16a3b6a3db7b7b9d78,zaiddhingra@ybl,19.126004,72.853233,8324.54,2026-02-01T00:00:00,False,item_not_as_described
ORD-a2ff928a63,M_TrendMart,Nimrat Bajwa,dfp_6fc7b88c056ac7eee935,hiralandra@oksbi,17.44494,78.35383,20492.02,2026-03-12T00:00:00,False,
ORD-17963071a1,M_ElectroHub,Aarav Puri,dfp_33d3001c8ef0dbccca79,hemang38@paytm,17.437991,78.339432,35195.31,2026-02-28T00:00:00,False,
ORD-c4aeba2562,M_FashionNest,Vrishti Reddy,dfp_39605c3ab4148c1569fd,bachittar53@oksbi,13.014999,80.267543,15207.24,2026-01-01T00:00:00,False,
ORD-82d5e6e495,M_TrendMart,Eiravati Manne,dfp_58451118128d97a31ad7,ukibe@oksbi,13.002451,80.257515,29444.4,2026-04-06T00:00:00,False,
ORD-1726eacda9,M_FashionNest,Alka Randhawa,dfp_a2b18a52bffe1a804f5c,charitashankar@oksbi,19.114735,72.850883,10580.39,2026-03-27T00:00:00,False,item_not_as_described
ORD-96f2e88a70,M_GadgetKart,Adya Tella,dfp_76b4dd1e37960d23c5eb,yashicacherian@paytm,28.606216,77.047748,25232.26,2026-02-15T00:00:00,False,item_not_as_described
ORD-21b3c9be92,M_FashionNest,Gabriel Mallick,dfp_8e95ad6b420b9dc925c9,wkohli@ybl,12.99238,80.266501,42182.54,2026-07-07T00:00:00,False,
ORD-8207ad6b2d,M_ElectroHub,Omisha Mann,dfp_c80141acce3e251dff52,ravelansh@oksbi,12.986478,80.243879,22967.97,2026-01-20T00:00:00,False,
ORD-47bb9c5c2e,M_HomeBazaar,Qushi Dhillon,dfp_b3abfaf4ce26b0f1c614,qushidhillon77@ibl,12.935129,77.624534,36146.75,2026-02-19T00:00:00,True,item_not_received
ORD-6861c6e062,M_HomeBazaar,Dev Lalla,dfp_a1f5521728d7b7c90316,vivaan03@okhdfcbank,17.449041,78.359268,1722.35,2026-06-12T00:00:00,False,item_not_as_described
ORD-7263836b6a,M_TrendMart,Jai Barman,dfp_c336af19e1f3ac1dc1f0,priya51@okhdfcbank,12.931162,77.619824,37064.82,2026-03-05T00:00:00,False,item_not_as_described
ORD-24ea5ba471,M_GadgetKart,Jeevika Rao,dfp_1b790633e3000da1f1da,arya31@oksbi,17.447746,78.356527,2457.6,2026-06-28T00:00:00,False,
ORD-ddc2f0e554,M_GadgetKart,Rachit Sankar,dfp_a6124dc1265ec31a1e73,avala@paytm,28.598564,77.046345,15738.05,2026-07-05T00:00:00,False,item_not_as_described
ORD-cb8cd0a96c,M_GadgetKart,Faris Nagy,dfp_b5ac1264bc86b72d0e7a,dominicdate@ybl,13.008619,80.240907,4831.81,2026-07-17T00:00:00,False,item_not_as_described
ORD-eafbd99d4b,M_HomeBazaar,Ojas Ranganathan,dfp_05af9ae9a82f0b42ddcf,chandrandevansh@paytm,13.012144,80.267126,41054.88,2026-07-12T00:00:00,False,
ORD-0c990b4882,M_TrendMart,Xiti Baria,dfp_930990e88b4d441384af,baradlaksh@paytm,17.441794,78.34575,41762.46,2026-01-20T00:00:00,False,
ORD-e262375505,M_TrendMart,Devika Rastogi,dfp_68fa8635cac38e7b1f93,raksha87@oksbi,28.588747,77.054921,14327.69,2026-01-10T00:00:00,True,item_not_as_described
ORD-f3f15d47e2,M_HomeBazaar,Arunima Dugal,dfp_15fc3391bdf82af289fe,gayathrichaudry@oksbi,17.440039,78.348895,32225.94,2026-07-15T00:00:00,False,
ORD-bf2684b0d7,M_GadgetKart,Chakrika Lall,dfp_c78063b1da2222204523,sudiksha08@paytm,12.923805,77.648083,1920.8,2026-04-15T00:00:00,False,item_not_as_described
ORD-d81ac61da6,M_TrendMart,Gavin Comar,dfp_01c7991ca04ed2db78c0,ekiyagade@oksbi,19.119669,72.84681,1546.83,2026-01-28T00:00:00,False,
ORD-f6c5ceacc2,M_TrendMart,Anmol Vyas,dfp_0d8f9149eb74c699f69c,vacharya@paytm,12.928782,77.633976,37447.39,2026-07-05T00:00:00,False,
ORD-6325d76310,M_TrendMart,Viraj Ben,dfp_f90d0e8dba76588c1262,sachdevganga@oksbi,12.998723,80.263877,24652.49,2026-07-18T00:00:00,False,
ORD-f7f221ee75,M_HomeBazaar,Jeremiah Mitter,dfp_56b49366cce2a910d5d4,thakkarom@oksbi,19.12035,72.843477,22742.05,2026-07-09T00:00:00,False,
ORD-dd284a92d1,M_FashionNest,Rachita Kothari,dfp_70f716e3cf276c75989a,qpal@okhdfcbank,17.438878,78.350904,16181.9,2026-07-12T00:00:00,False,
ORD-e1b2efc9a5,M_ElectroHub,Krisha Radhakrishnan,dfp_60e35fface2dbb9d94d8,faras84@oksbi,12.947182,77.63432,1548.56,2026-03-24T00:00:00,False,item_not_as_described
ORD-0dfea4cfa3,M_TrendMart,Amruta Bhatia,dfp_e598e32cc1c6cd82e489,gunbirchada@okhdfcbank,12.980506,80.255983,23578.29,2026-04-30T00:00:00,False,
ORD-a12539bc13,M_ElectroHub,Vihaan Kata,dfp_61d19840d4907254853b,vihaankata_o@ibl,19.11961,72.847033,11460.21,2026-02-21T00:00:00,True,item_not_received
ORD-e9fdb7a2a5,M_FashionNest,Vasatika Merchant,dfp_332fe58328cd4b82ff2e,ishwar71@oksbi,17.445667,78.355226,14627.9,2026-01-23T00:00:00,False,
ORD-8cc2fb830c,M_TrendMart,Jagrati Balakrishnan,dfp_02ef5506dabd3d106c4d,vasudhasura@ybl,19.12287,72.844821,22107.21,2026-02-09T00:00:00,False,
ORD-be24eb2765,M_GadgetKart,Saanvi Mahal,dfp_1a70531e0ba917227808,madhavbalan_W@paytm,13.001498,80.257001,36750.38,2026-06-13T00:00:00,True,item_not_received
ORD-7310cd03bf,M_ElectroHub,Naveen Baral,dfp_4c4a76fa93360a67222e,sjohal@ybl,12.997456,80.251174,4435.54,2026-05-27T00:00:00,False,item_not_as_described
ORD-a06c4d8063,M_GadgetKart,Dhriti Sane,dfp_bc18f540fa5d5dc438fa,aadhya52@paytm,12.924175,77.619852,31466.46,2026-04-14T00:00:00,False,
ORD-f816ea358e,M_ElectroHub,Nandini Warrior,dfp_9820e1f17fd829a47e2a,ybansal@paytm,19.105899,72.843058,43082.25,2026-05-01T00:00:00,False,item_not_as_described
ORD-4a1e08ddd6,M_ElectroHub,Gavin Modi,dfp_3b631e803e36eb034443,tanmayiom@ybl,12.939238,77.625531,1331.91,2026-05-27T00:00:00,False,item_not_as_described
ORD-385a342818,M_TrendMart,Rachita Subramanian,dfp_c05aca1c5c74b26a2eb6,oscardave@paytm,17.427912,78.348024,8731.09,2026-05-08T00:00:00,False,item_not_as_described
ORD-951fd8b2f2,M_ElectroHub,Advay Gade,dfp_4e348310acff28fe3c3b,hpalan@ybl,12.998852,80.260569,34890.99,2026-05-15T00:00:00,False,
ORD-8dd03e8675,M_ElectroHub,Faras Pradhan,dfp_5547fe63633c599d11b2,thakkarcharles@okhdfcbank,13.000195,80.262102,22422.35,2026-04-22T00:00:00,False,
ORD-779e50ebc3,M_GadgetKart,Peter Tak,dfp_1bd1280a68607059517b,rsen@oksbi,19.114756,72.843299,15449.89,2026-03-31T00:00:00,False,
ORD-6e08ccf75a,M_TrendMart,Ganga Gaba,dfp_a120894daf5025c51a5c,tkurian@ybl,13.002214,80.254597,927.68,2026-01-28T00:00:00,False,
ORD-d26b6ec96b,M_TrendMart,Samaksh Deshpande,dfp_0e6a401f917758498c12,dugalhitesh@ybl,28.59517,77.047959,28571.96,2026-03-18T00:00:00,True,item_not_as_described
ORD-d11386375a,M_HomeBazaar,Shravya Savant,dfp_5a61de02a5ef4b55167d,pushti49@okhdfcbank,12.940155,77.629165,36095.31,2026-03-09T00:00:00,False,
ORD-5cff98f7c4,M_ElectroHub,Vaishnavi Dubey,dfp_b949c13447ada3a8109c,gaurav32@paytm,28.572018,77.041807,4442.27,2026-04-10T00:00:00,False,item_not_as_described
ORD-3f6e3cf3f6,M_TrendMart,Daksh Varma,dfp_da005b4cc650ea24eb85,dominicmukhopadhyay@okhdfcbank,13.020281,80.26383,16254.25,2026-02-08T00:00:00,False,item_not_as_described
ORD-51666e1405,M_GadgetKart,Gaurika Bhatti,dfp_4b6633db32c0f3739a17,girindra86@paytm,19.12613,72.851318,43860.74,2026-01-31T00:00:00,False,item_not_as_described
ORD-46c7310a25,M_GadgetKart,Damini Sehgal,dfp_fd3b33987d51d6f67d02,sganesan@oksbi,12.940622,77.641717,14097.26,2026-05-29T00:00:00,False,item_not_as_described
ORD-8d036b5cee,M_FashionNest,Logan Sood,dfp_b31bcd80b0e0044bc6be,yuvraj04@okhdfcbank,19.123702,72.84973,5834.73,2026-01-13T00:00:00,False,item_not_as_described
ORD-8318450637,M_FashionNest,Dalbir Krish,dfp_e247fc7969143d9cb5c9,shanchandresh@oksbi,17.440094,78.354805,44936.76,2026-03-10T00:00:00,False,
ORD-78be19ab70,M_TrendMart,Shivani Sanghvi,dfp_6d9aefbbfc45ee55f2df,tagrawal@oksbi,13.003321,80.259319,35902.09,2026-05-04T00:00:00,False,item_not_as_described
ORD-328b71ef41,M_FashionNest,Rohan Dhingra,dfp_0a929633db97c29d40de,urvashiandra@paytm,13.00149,80.254736,11182.49,2026-07-10T00:00:00,False,item_not_as_described
ORD-8c39bcc4ec,M_FashionNest,Advik Dara,dfp_296320cf3ca7ed49a59d,lekhasavant@paytm,28.589503,77.059285,18511.49,2026-05-09T00:00:00,False,item_not_as_described
ORD-9182be8802,M_HomeBazaar,Yatin Tandon,dfp_9922ccd92ffacc4e7d42,tanvichhabra@paytm,17.426034,78.341868,32838.31,2026-05-09T00:00:00,False,item_not_as_described
ORD-15f37836cb,M_FashionNest,Rajata Vaidya,dfp_d4049e57a8e284c5bab0,rajanranveer@paytm,12.989619,80.265693,35688.95,2026-01-10T00:00:00,False,
ORD-e7afa96d94,M_HomeBazaar,Samuel Garde,dfp_bc12d29eaa90be867385,finn71@oksbi,12.924176,77.636777,34628.38,2026-03-15T00:00:00,False,
ORD-1f1d0f65b2,M_GadgetKart,Watika Shah,dfp_79c2c62ee46b532f32a1,christopher79@paytm,19.128636,72.854933,2862.86,2026-02-20T00:00:00,False,item_not_as_described
ORD-772041a4ea,M_FashionNest,Jhalak Sastry,dfp_59da24bfdabccd94ba23,xmanda@okhdfcbank,19.109099,72.862271,4989.32,2026-05-01T00:00:00,False,
ORD-35a59cdcc4,M_FashionNest,Qushi Dhillon,dfp_b3abfaf4ce26b0f1c614,qushidhillon@ybl,12.935421,77.625008,43884.95,2026-02-19T00:00:00,True,item_not_received
ORD-2411ce22af,M_ElectroHub,Jacob Deep,dfp_6add829bb5595894233b,jacobdeep@oksbi,17.439926,78.348882,4271.79,2026-06-03T00:00:00,False,
ORD-43338bcb18,M_TrendMart,Ojas Prabhu,dfp_e30dc80802022dd94321,amrutadalal@oksbi,17.446157,78.33932,7712.03,2026-02-01T00:00:00,False,item_not_as_described
ORD-d453a10adb,M_ElectroHub,Shaurya Yogi,dfp_46a9eae4b873a454b4ae,samarvirk@okhdfcbank,12.980272,80.263784,16249.5,2026-06-28T00:00:00,False,item_not_as_described
ORD-42d69c23e7,M_TrendMart,Kritika Panchal,dfp_a8fc0a1e38778f2e7619,echaudhuri@okhdfcbank,12.91518,77.617126,22522.47,2026-05-12T00:00:00,False,item_not_as_described
ORD-fe5e9f562a,M_TrendMart,Lipika Singh,dfp_e9f47135376de0c8ab55,cbatra@ybl,19.123609,72.848556,1154.52,2026-05-01T00:00:00,False,
ORD-afdad2a7c6,M_ElectroHub,Oni Kapur,dfp_f09c4d8d3f72185b6512,yuvraj65@okhdfcbank,28.58454,77.063922,42707.83,2026-04-22T00:00:00,False,
ORD-212d203164,M_ElectroHub,Praneel Chhabra,dfp_74382bd04559b9711b29,viswanathanmanthan@ybl,17.442574,78.344222,34618.92,2026-01-17T00:00:00,False,item_not_as_described
ORD-7181774a82,M_GadgetKart,Darsh Rau,dfp_46a5a79f59aa7ba100f1,ikbal33@oksbi,12.930744,77.632944,39982.93,2026-01-04T00:00:00,False,item_not_as_described
ORD-aaeacb80a8,M_TrendMart,Ekiya Seshadri,dfp_16d6b0588fa6a4ea3bf5,ubikaseth53@ibl,13.000824,80.256807,30247.29,2026-05-02T00:00:00,True,item_not_received
ORD-8ace32d37c,M_HomeBazaar,Zaid Gade,dfp_6fe4cdb6b5a541a4ee11,oradhakrishnan@ybl,28.581993,77.043313,15481.16,2026-01-18T00:00:00,False,
ORD-5415d4c1bd,M_TrendMart,Samesh Andra,dfp_9ec4f40182c20898ad3a,osha18@oksbi,13.021241,80.256886,3131.66,2026-02-25T00:00:00,False,item_not_as_described
ORD-846ab78bb0,M_TrendMart,Eiravati Chaudhary,dfp_8b7028e1d1548145402c,madhav20@okhdfcbank,13.00583,80.25663,2664.02,2026-02-02T00:00:00,False,
ORD-aefaa0d810,M_ElectroHub,Ganga Mall,dfp_505705187a631548ddc9,tripathiudant@paytm,28.592827,77.044743,41555.77,2026-06-12T00:00:00,False,item_not_as_described
ORD-555cee6a8e,M_HomeBazaar,Elijah Bhasin,dfp_7a80994bc27a6911ec2d,riasagar@ybl,28.591641,77.045496,18023.34,2026-06-11T00:00:00,False,
ORD-1cf3a424b0,M_GadgetKart,Urvashi Raj,dfp_b0395948379573b5d422,fdoshi@oksbi,13.003032,80.256131,36731.3,2026-06-25T00:00:00,False,
ORD-f14e45770b,M_GadgetKart,Zilmil Loke,dfp_3d64e9e582175979676c,samrafarhan@paytm,17.417615,78.335351,12648.64,2026-06-13T00:00:00,True,item_not_as_described
ORD-a06f4896cb,M_TrendMart,Madhav Balan,dfp_1a70531e0ba917227808,madhavbalan_W@paytm,13.001124,80.256292,16744.47,2026-06-15T00:00:00,True,item_not_received
ORD-3b36b6f952,M_HomeBazaar,Faraj Varkey,dfp_25703d75cc7fc7b37430,siddharth22@oksbi,28.590478,77.045213,40045.58,2026-03-16T00:00:00,False,item_not_as_described
ORD-cbb60e39d7,M_TrendMart,Nidhi Rama,dfp_c21a80e2e32deb832012,guptahemal@oksbi,13.001465,80.253265,40058.77,2026-06-16T00:00:00,True,
ORD-ff5e749d9c,M_HomeBazaar,Vrishti Gupta,dfp_e78b48e698f9f01fb57f,ijayanaik@okhdfcbank,28.591814,77.052558,9764.43,2026-01-20T00:00:00,False,
ORD-aa200d748c,M_TrendMart,Onkar Bhasin,dfp_4dbfbd00b4c5b9862d03,onkarbhasin@paytm,19.119729,72.846831,9204.3,2026-03-26T00:00:00,True,item_not_received
ORD-e68899e56e,M_TrendMart,Dhriti Bhagat,dfp_7f569c16c845c2ace52d,krishnamurthysamaksh@ybl,12.934035,77.618025,7798.34,2026-05-10T00:00:00,False,item_not_as_described
ORD-3d80853a89,M_HomeBazaar,Keya Dyal,dfp_e52969d38c53f8865f74,chanderhamsini@okhdfcbank,28.618368,77.045104,42756.13,2026-02-17T00:00:00,False,item_not_as_described
ORD-b4189348fb,M_TrendMart,Kashvi Ravi,dfp_aa45f8b48334e8a7759a,skohli@ybl,17.447847,78.347849,14844.88,2026-04-09T00:00:00,False,item_not_as_described
ORD-3c12fd3aef,M_HomeBazaar,Triya Ganesan,dfp_ff8573d0d2c8e8954f7a,ranveermanne@paytm,12.935212,77.62444,42682.02,2026-04-17T00:00:00,True,item_not_received
ORD-c8ff54bdf6,M_HomeBazaar,Darika Lal,dfp_4b5d46923af9590bc1be,yochana77@ybl,12.997985,80.269584,29644.11,2026-04-16T00:00:00,False,item_not_as_described
ORD-30b53a1548,M_FashionNest,Janaki Varghese,dfp_28875299d38685f9b17b,sethyahvi@oksbi,13.006596,80.252661,32992.98,2026-06-14T00:00:00,False,
ORD-2533a8b36f,M_TrendMart,Abha Ghosh,dfp_0f5b890314c4c9aaf956,ravelsneha@oksbi,17.441767,78.355516,40116.33,2026-06-07T00:00:00,False,
ORD-f9f6d3abea,M_ElectroHub,Parth Shetty,dfp_ca91005d12e74a1a8461,zgopal@okhdfcbank,19.12128,72.847485,10872.72,2026-03-27T00:00:00,False,
ORD-70dadd83fb,M_TrendMart,Wahab Raval,dfp_da2174408470d1dd9878,koshybalveer@ybl,17.446468,78.354852,20512.6,2026-07-14T00:00:00,False,
ORD-5cd2a36201,M_ElectroHub,Vedika Handa,dfp_04769ad44c7e5e042be2,balaylipika@paytm,17.43832,78.347593,23296.14,2026-03-18T00:00:00,False,item_not_as_described
ORD-23628222dd,M_TrendMart,Tara Tank,dfp_d3917b544423940ed2bc,taratank@oksbi,13.001141,80.256469,1895.42,2026-04-27T00:00:00,False,
ORD-cb4515d961,M_HomeBazaar,Vansha Desai,dfp_61d19840d4907254853b,vihaankata_o@ibl,19.119921,72.847045,50582.83,2026-02-24T00:00:00,True,item_not_received
ORD-e956d432be,M_HomeBazaar,Sudiksha Bobal,dfp_022bb193e67cb16ed9c7,aishanihora@oksbi,28.592996,77.05424,43391.5,2026-04-01T00:00:00,True,
ORD-86a79a9b16,M_TrendMart,Dakshesh Trivedi,dfp_661db3c1a83c5fa21422,grewalekapad@ybl,28.591667,77.043301,8382.18,2026-04-28T00:00:00,False,item_not_as_described
ORD-d51a3b9ebd,M_GadgetKart,Sanaya Mani,dfp_6add829bb5595894233b,jacobdeep@oksbi,17.439985,78.348878,2680.49,2026-06-05T00:00:00,False,
ORD-a56b3d4b17,M_HomeBazaar,Yasti Dutta,dfp_7de73174576ae6f7509e,yastidutta@oksbi,17.440051,78.348862,3425.28,2026-01-30T00:00:00,False,
ORD-1f427760df,M_HomeBazaar,Aahana Kashyap,dfp_57d6e98f1341558e9eee,qminhas@paytm,28.589999,77.042083,23107.54,2026-07-04T00:00:00,False,item_not_as_described
ORD-7cdbf2af72,M_GadgetKart,Girish Tiwari,dfp_6cc62979bfbdec8755e0,meeraborde@oksbi,12.9442,77.631951,664.62,2026-07-13T00:00:00,False,
ORD-e20ae5a1cd,M_TrendMart,Eiravati Kanda,dfp_7d0b0a0d3e3c5d45b632,manddalbir@ybl,19.116216,72.856573,4506.65,2026-06-28T00:00:00,False,item_not_as_described
ORD-a18ef28c9b,M_ElectroHub,Kamala Zachariah,dfp_309f81b9cb6d499e97b7,adubey@oksbi,28.588716,77.034613,39822.92,2026-06-27T00:00:00,False,item_not_as_described
ORD-5d5962147c,M_GadgetKart,Chaaya Kamdar,dfp_143699ea6f599cb18879,handra@oksbi,19.133321,72.850716,37553.22,2026-07-10T00:00:00,False,item_not_as_described
ORD-4b6f7c4f3c,M_GadgetKart,Alka Nigam,dfp_2d234bb361e70c8f191e,vbuch@okhdfcbank,28.593014,77.043829,14266.3,2026-03-11T00:00:00,False,item_not_as_described
ORD-44eac1b107,M_TrendMart,Mitesh Ramachandran,dfp_092aaf09c683e7b37b32,jalsa11@ybl,12.938348,77.620432,40302.73,2026-06-08T00:00:00,False,item_not_as_described
ORD-6bddd2a4a5,M_HomeBazaar,Quincy Chaudry,dfp_4872e30733456b1a4d21,amruta27@paytm,19.12539,72.85546,31502.06,2026-01-17T00:00:00,False,
ORD-b1352d2b56,M_TrendMart,Raghav Sathe,dfp_e800865ad23946cae87d,niharikasundaram@paytm,17.455521,78.344755,35719.91,2026-07-08T00:00:00,False,item_not_as_described
ORD-91b589c606,M_FashionNest,Vyanjana Borah,dfp_c6ac9901d01714b3a061,doshimanthan@paytm,17.435166,78.351608,28214.12,2026-07-07T00:00:00,False,item_not_as_described
ORD-962d49cd2b,M_TrendMart,Gautam Ramaswamy,dfp_6651e38c1443b934ead0,nkhosla@okhdfcbank,28.59224,77.050615,40215.87,2026-02-27T00:00:00,False,item_not_as_described
ORD-8710646b28,M_TrendMart,Yasti Rama,dfp_9b8ca42c4a66775767c4,kdevi@ybl,12.942834,77.644811,23975.51,2026-01-26T00:00:00,False,
ORD-5fdd16493c,M_ElectroHub,Jack Chatterjee,dfp_99511f24ab98fb50c5ed,krishnarama@okhdfcbank,28.591014,77.044568,38027.12,2026-02-17T00:00:00,False,item_not_as_described
ORD-06ecd19db6,M_FashionNest,Lekha Deo,dfp_c5f1e355be36888b33c3,babusamaksh@oksbi,12.938826,77.629253,13606.47,2026-03-04T00:00:00,False,
ORD-03487f0482,M_HomeBazaar,Rajata Rattan,dfp_f784d31d7a2f717a1269,randhawadayita@ybl,28.59552,77.039595,33493.47,2026-05-07T00:00:00,False,item_not_as_described
ORD-05573e5026,M_GadgetKart,Dayamai Viswanathan,dfp_a1c61c6608aaabfb978b,lakshchahal@ybl,13.001605,80.256443,26899.73,2026-02-27T00:00:00,True,item_not_received
ORD-0d9d147a40,M_TrendMart,Lajita Munshi,dfp_f7e7727340e4aabf19ed,samakshjayaraman_l@okhdfcbank,19.119518,72.846948,32307.82,2026-03-16T00:00:00,True,item_not_received
ORD-70c0ec10fd,M_GadgetKart,Shivani Prabhakar,dfp_b7183f2dd2014861ca25,sachi19@oksbi,12.957177,77.615391,32291.06,2026-01-10T00:00:00,False,
ORD-08b75d6aab,M_HomeBazaar,Indali Sekhon,dfp_b49902ff9ce966f1675f,panditradhika@paytm,13.014073,80.269893,4648.34,2026-03-28T00:00:00,False,
ORD-29f5ed5120,M_GadgetKart,Gavin Nigam,dfp_16f9ba10daee08d661ef,bhasinishani@ybl,12.938066,77.626871,39489.49,2026-05-07T00:00:00,False,item_not_as_described
ORD-4b87a80d2a,M_TrendMart,Chatura Kapoor,dfp_cfabe94cf2c1a7e14f4d,jnarula@ybl,13.014519,80.237706,7404.03,2026-04-17T00:00:00,False,
ORD-e2e0eee53e,M_FashionNest,Udant Varty,dfp_5ad590e509f9d326f199,rattanekapad@ybl,19.11869,72.848133,37515.03,2026-01-14T00:00:00,False,item_not_as_described
ORD-5bde3eb578,M_TrendMart,Garima Mahajan,dfp_0a6c1e43cafffee12ec3,pillairajeshri@okhdfcbank,12.939778,77.629983,31398.44,2026-03-04T00:00:00,False,item_not_as_described
ORD-a2914cfbaf,M_TrendMart,Januja Pradhan,dfp_efe3feaaef3b266415f1,lila65@okhdfcbank,19.119138,72.844708,34914.26,2026-03-25T00:00:00,False,
ORD-2edea2c0a2,M_TrendMart,Yug Ramaswamy,dfp_dc36d46a34530ea4207e,kdhar@ybl,12.948863,77.608219,28082.74,2026-05-28T00:00:00,False,item_not_as_described
ORD-ddf3569feb,M_ElectroHub,David Kapadia,dfp_9bf3742cbe7fce18390b,rudrarattan@paytm,17.436294,78.346624,34022.82,2026-03-29T00:00:00,False,item_not_as_described
ORD-9c7ee2fb75,M_FashionNest,Varenya Kibe,dfp_3efdb018326469a7a243,mekhalakhatri@paytm,13.004508,80.253421,30224.59,2026-03-09T00:00:00,False,
ORD-c7a1bbd0ca,M_HomeBazaar,Gagan Menon,dfp_214d869f77df37a7fa20,giyengar@paytm,19.125964,72.849416,38145.21,2026-05-04T00:00:00,False,
ORD-8d08a7e497,M_FashionNest,Eta Balan,dfp_56e05577b3ba40dfa853,shravya73@paytm,17.443019,78.353528,14028.76,2026-01-17T00:00:00,False,item_not_as_described
ORD-9574458848,M_TrendMart,Chasmum Subramanian,dfp_de1f20fa9fa6037bfa6b,nidramishra@ybl,19.132376,72.844749,35108.8,2026-01-27T00:00:00,False,
ORD-c9b87c877a,M_GadgetKart,Zayyan Doctor,dfp_0e759acbc086fa2e0227,finn92@paytm,17.431777,78.349998,39566.28,2026-07-01T00:00:00,False,item_not_as_described
ORD-2e02705af3,M_TrendMart,Jonathan Sama,dfp_069ab663228d564d20a2,bhattvamakshi@okhdfcbank,17.429515,78.343049,29777.4,2026-01-14T00:00:00,False,item_not_as_described
ORD-3872e5ab1c,M_GadgetKart,Anusha Rao,dfp_61a90a53b38d09d3d1a2,chaitaly72@oksbi,28.605131,77.030196,4698.17,2026-02-14T00:00:00,False,
ORD-611233e3a9,M_TrendMart,Vihaan Kata,dfp_61d19840d4907254853b,vihaankata_w@okhdfcbank,19.119804,72.846752,20130.09,2026-02-20T00:00:00,True,item_not_received
ORD-45dc3dccdd,M_GadgetKart,Jhalak Dugar,dfp_fd154801b808a5759555,harshil91@ybl,28.59407,77.028457,39817.1,2026-01-20T00:00:00,False,item_not_as_described
ORD-b96736078d,M_HomeBazaar,Harrison Tripathi,dfp_171c4fa43698e8867bd5,nayarkaran@ybl,19.120707,72.852233,34704.55,2026-04-29T00:00:00,True,
ORD-1a8257da3c,M_TrendMart,Ekiya Suresh,dfp_54b2004fac10475f4d11,choudhuryjanani@okhdfcbank,28.594683,77.044418,3795.73,2026-07-14T00:00:00,False,item_not_as_described
ORD-448b22d9c9,M_FashionNest,Isaiah Keer,dfp_9dfe0e643214c94c6542,anair@oksbi,19.119987,72.846653,17792.11,2026-04-08T00:00:00,False,item_not_as_described
ORD-be481b4a59,M_HomeBazaar,Ekaraj Dhar,dfp_bdb07cd6c57ad1e5064f,chandtanveer@oksbi,12.935169,77.624201,35552.07,2026-03-17T00:00:00,False,
ORD-537ac688fe,M_TrendMart,Zashil Chaudhari,dfp_adcf4467f8198562d2f3,vidhinarayanan@okhdfcbank,17.438371,78.355933,31040.89,2026-07-08T00:00:00,False,
ORD-14ed17960c,M_FashionNest,Matthew Kashyap,dfp_1db55c851b710b051ceb,tdua@oksbi,12.999549,80.259895,25059.56,2026-03-30T00:00:00,False,item_not_as_described
ORD-73f52b65a2,M_HomeBazaar,Charan Krishnan,dfp_b3e418410f7886a2f7c2,ecomar@okhdfcbank,17.433051,78.341752,1350.07,2026-01-04T00:00:00,False,
ORD-34c5f9e279,M_ElectroHub,Suhani Chana,dfp_16d6b0588fa6a4ea3bf5,ubikaseth53@ibl,13.001211,80.256362,52691.47,2026-05-02T00:00:00,True,item_not_received
ORD-0e07ea48bb,M_TrendMart,Anamika Sachar,dfp_61d19840d4907254853b,vihaankata_o@ibl,19.11971,72.84684,31966.92,2026-03-10T00:00:00,True,item_not_received
ORD-8f0ca60c50,M_TrendMart,Gagan Sami,dfp_14ae531acfdd67d25aba,balangirik@ybl,12.98622,80.273361,27605.94,2026-03-09T00:00:00,False,
ORD-fffce07e5b,M_GadgetKart,Sai Keer,dfp_85c6bd4b583ace5f40fa,hardik58@oksbi,13.002703,80.261134,25908.25,2026-01-10T00:00:00,False,
ORD-4e92467644,M_TrendMart,Hritik Kaur,dfp_ee38f06cf37ec424ebe7,nbakshi@okhdfcbank,12.920051,77.622829,4523.71,2026-05-15T00:00:00,False,item_not_as_described
ORD-0edb5d046f,M_HomeBazaar,Bimala Mitra,dfp_b570c10bbd4925cda079,mandaraksha@ybl,19.126608,72.848748,42986.4,2026-01-18T00:00:00,False,item_not_as_described
ORD-286cd0d42d,M_FashionNest,Darika Saxena,dfp_195e27f00adfd164b1ca,anamika12@ybl,19.126038,72.846803,20013.63,2026-06-25T00:00:00,False,item_not_as_described
ORD-bd8d176829,M_TrendMart,Simon Bail,dfp_5e1cb0ca3348ca421f81,nathyagnesh@paytm,12.952976,77.643489,24946.32,2026-01-30T00:00:00,False,
ORD-f5e121579d,M_GadgetKart,Chasmum Issac,dfp_8a89ee8fd6ad53868b57,gsubramanian@okhdfcbank,12.938905,77.625133,507.71,2026-06-29T00:00:00,False,item_not_as_described
ORD-692e671b97,M_ElectroHub,Ishaan Raju,dfp_aaa12839de7ec8e4514e,barkha08@okhdfcbank,12.999582,80.258186,22586.61,2026-02-15T00:00:00,False,
ORD-1e81e3891d,M_ElectroHub,Isaiah Sachdeva,dfp_f4d2c70001c13cb6374f,manbirchaudhry@okhdfcbank,28.586124,77.05555,7702.57,2026-04-05T00:00:00,False,
ORD-817c05a50c,M_FashionNest,Amara Varkey,dfp_a581cc1152ccd00cd92a,deshmukhnisha@okhdfcbank,12.94925,77.61057,28579.26,2026-05-06T00:00:00,False,
ORD-9c50eb696c,M_FashionNest,Chatresh Parmer,dfp_b7a3a1e725f4ae684911,sundaramlaban@oksbi,17.440141,78.348783,42784.25,2026-07-19T00:00:00,False,item_not_as_described
ORD-bac9e8e1d7,M_FashionNest,Gavin Comar,dfp_01c7991ca04ed2db78c0,gavincomar@oksbi,19.119623,72.846883,3558.32,2026-01-25T00:00:00,False,
ORD-bfc59f6568,M_ElectroHub,Ethan Seth,dfp_4ac8fa40d538ea3ab965,saichahal@okhdfcbank,17.447919,78.34323,28524.95,2026-03-02T00:00:00,False,item_not_as_described
ORD-8719188858,M_ElectroHub,Fariq Kaul,dfp_3b36a45c17ff134eee52,raiarunima@paytm,17.440959,78.367189,27719.27,2026-06-08T00:00:00,False,
ORD-a0ae7cbec4,M_ElectroHub,Nandini Mammen,dfp_07aa17165702413574bf,kgole@paytm,12.934499,77.622819,10013.05,2026-04-04T00:00:00,False,item_not_as_described
ORD-89b89e3509,M_GadgetKart,Qarin Grewal,dfp_6dbec9f53d32f03b3e7c,brandhawa@oksbi,28.586299,77.03144,1051.63,2026-03-09T00:00:00,False,item_not_as_described
ORD-02d4f2a91f,M_FashionNest,Turvi Sachdev,dfp_53cb47868adc92872faf,guhazarna@okhdfcbank,17.438879,78.359957,42293.24,2026-01-10T00:00:00,False,
ORD-e5c651a663,M_ElectroHub,Vivaan Walla,dfp_9847799ad7b8651e677f,dayamaisingh@paytm,13.012017,80.263856,20449.93,2026-03-27T00:00:00,False,item_not_as_described
ORD-3e3a1e98a8,M_TrendMart,Maanav Gola,dfp_cd07d91034fad19c8965,onimorar@oksbi,12.935203,77.62451,4044.0,2026-06-26T00:00:00,False,
ORD-78b7e3dec4,M_TrendMart,Triveni Palla,dfp_705164eda94af93078bc,vedant30@okhdfcbank,17.439598,78.351394,7075.17,2026-03-28T00:00:00,False,item_not_as_described
ORD-0b8273b139,M_FashionNest,Vihaan Kata,dfp_61d19840d4907254853b,vihaankata_o@ibl,19.119398,72.84687,40726.21,2026-02-24T00:00:00,True,item_not_received
ORD-20b4bdffc1,M_ElectroHub,Triya Bedi,dfp_9c20b8d86abd02ec30d8,rachitarana@ybl,12.999799,80.240193,11245.76,2026-02-20T00:00:00,False,item_not_as_described
ORD-5cda304229,M_GadgetKart,Amrita Peri,dfp_a4dc903826827b6a4b92,sastrytejas@okhdfcbank,19.109173,72.835313,26090.15,2026-04-06T00:00:00,False,item_not_as_described
ORD-1efef3583e,M_FashionNest,Vidhi Mital,dfp_545e0e5991830b643a2c,champak61@oksbi,13.009136,80.265482,41155.6,2026-06-05T00:00:00,False,item_not_as_described
ORD-95f9a0469b,M_GadgetKart,Umang Pillai,dfp_4d513888dc54d89b4df8,rishimenon@okhdfcbank,17.437656,78.349116,44299.02,2026-04-13T00:00:00,False,item_not_as_described
ORD-5d2dea9270,M_ElectroHub,Dev Shankar,dfp_fc753191c39a46b73c04,memonsaksham@okhdfcbank,13.0067,80.249102,23333.61,2026-04-27T00:00:00,False,item_not_as_described
ORD-e5019ddaf2,M_HomeBazaar,Laksh Sahota,dfp_ff9bbabb2af4b2d275eb,vaidyajacob@ybl,19.129383,72.82984,11343.86,2026-06-17T00:00:00,False,item_not_as_described
ORD-a57ad1bc53,M_HomeBazaar,Vihaan Wali,dfp_39eeaf666027e62c21b5,mgupta@ybl,12.925858,77.63625,18601.09,2026-03-04T00:00:00,False,
ORD-34e4161765,M_HomeBazaar,Anthony Baral,dfp_4229340a8c3325562915,anthonybaral83@okhdfcbank,17.439942,78.34887,39457.75,2026-07-06T00:00:00,True,item_not_received
ORD-6199b1b6ef,M_FashionNest,William Saini,dfp_f45810ae0891ca297d8c,hbhatnagar@oksbi,19.120017,72.846962,17111.46,2026-07-12T00:00:00,False,
ORD-a0c5811772,M_GadgetKart,Leena Dey,dfp_ddb87152fae6f1eb60f4,tellahiral@ybl,28.598556,77.037258,37739.81,2026-04-21T00:00:00,False,item_not_as_described
ORD-1b470d01cd,M_ElectroHub,Caleb Dayal,dfp_6f904e8c66b663747062,azadjaggi@okhdfcbank,19.136616,72.825405,4647.98,2026-05-20T00:00:00,False,
ORD-16b35a2d70,M_GadgetKart,Oni Swamy,dfp_65371eb24426b5c4fba1,dharati@oksbi,19.126034,72.827088,39358.21,2026-05-24T00:00:00,False,item_not_as_described
ORD-0fef5b3d10,M_GadgetKart,Onkar Bhasin,dfp_4dbfbd00b4c5b9862d03,onkarbhasin@paytm,19.119705,72.846799,26125.2,2026-03-22T00:00:00,True,item_not_received
ORD-808e45026e,M_TrendMart,Gunbir Sinha,dfp_5a10bf7ce0d45b6d5e06,aarnagoswami@okhdfcbank,28.589982,77.057187,19282.06,2026-06-14T00:00:00,False,item_not_as_described
ORD-9ef9aba8bf,M_FashionNest,Wakeeta Dixit,dfp_508343dc31dd865b57be,vaidyafalan@paytm,28.608391,77.035233,22721.89,2026-07-04T00:00:00,False,item_not_as_described
ORD-068dd9a17b,M_ElectroHub,Prisha Varma,dfp_d6ee0a11cb4c68596b7d,gabriel61@ybl,17.440289,78.348748,38016.71,2026-06-14T00:00:00,False,item_not_as_described
ORD-29a00f832a,M_ElectroHub,Anirudh Sastry,dfp_ddd42dfe3d02fb60f5ba,omya26@ybl,19.115962,72.845521,21718.26,2026-04-03T00:00:00,False,item_not_as_described
ORD-6a4cb64a85,M_GadgetKart,Manbir Agate,dfp_d9e6bace707572c921dc,maanav28@paytm,12.991788,80.24681,25248.22,2026-01-25T00:00:00,False,item_not_as_described
ORD-f6c13936eb,M_HomeBazaar,Pranit Memon,dfp_ace1103354da4bffcbe0,harshil15@paytm,12.942768,77.624783,13041.4,2026-06-15T00:00:00,False,
ORD-fc8c857474,M_HomeBazaar,Pranit Deshmukh,dfp_211e7cfcb3e2ec6191d1,yprasad@paytm,12.998773,80.258377,27490.34,2026-05-30T00:00:00,False,
ORD-446f5f8af8,M_GadgetKart,Neelima Barad,dfp_c09a140a98f1bcda403f,snarula@ybl,28.596263,77.057891,14590.95,2026-04-19T00:00:00,False,item_not_as_described
ORD-1f1f3f4ef1,M_FashionNest,Idika Bhattacharyya,dfp_8c3867236949f3d7f567,charita22@okhdfcbank,19.113925,72.841767,22985.02,2026-01-14T00:00:00,False,
ORD-93aad0fb27,M_HomeBazaar,Parth Singhal,dfp_c70e38f2f801acd618bf,lmall@okhdfcbank,12.947603,77.619685,29271.62,2026-05-19T00:00:00,False,
ORD-9a610a1b75,M_HomeBazaar,Neha Keer,dfp_1e96e9c3bd473ee48aa8,sharafsachi@oksbi,28.588886,77.041952,10490.76,2026-03-26T00:00:00,False,
ORD-e34cad351b,M_HomeBazaar,Bhavini Bose,dfp_e6dd3981a9c8719c5dbc,tripathileena@oksbi,12.94726,77.629718,42129.69,2026-06-04T00:00:00,False,item_not_as_described
ORD-d044452c78,M_GadgetKart,Oviya Tata,dfp_73e2bda03294f193c843,zansiwalla@paytm,17.424804,78.332661,22511.15,2026-04-07T00:00:00,False,
ORD-ffef7ab486,M_GadgetKart,Qasim Prabhakar,dfp_d022fe362165d1482e55,lpingle@oksbi,17.444022,78.333609,35625.94,2026-07-03T00:00:00,False,
ORD-3a7593fac8,M_TrendMart,Dayita Ramanathan,dfp_ddbe4e9c45e5fc2dac02,fradomukherjee@oksbi,12.924498,77.615763,8648.97,2026-04-21T00:00:00,False,item_not_as_described
ORD-0b9e62743d,M_TrendMart,Theodore Devi,dfp_ac8a41445823bb168636,wchand@ybl,12.993117,80.248015,38624.43,2026-04-25T00:00:00,False,item_not_as_described
ORD-6c8853398c,M_TrendMart,Lajita Sood,dfp_729c3034c9c78948f8cc,pandeychanchal@okhdfcbank,13.000779,80.267193,24812.27,2026-05-10T00:00:00,False,item_not_as_described
ORD-603d072f60,M_GadgetKart,Gautami Sanghvi,dfp_6868ff59bbc8687c3954,devansh49@okhdfcbank,13.01297,80.263492,17523.85,2026-02-04T00:00:00,False,item_not_as_described
ORD-2b6a6003b7,M_ElectroHub,Chanakya Bedi,dfp_b60638e6e0c4755e84fa,warda97@okhdfcbank,28.581702,77.042022,7700.79,2026-06-07T00:00:00,False,item_not_as_described
ORD-6b71ee997e,M_GadgetKart,Ishita Kaul,dfp_31a72af06011cc7ff1fd,harishkota@ybl,12.916897,77.643772,973.91,2026-07-04T00:00:00,False,
ORD-fa67912d74,M_FashionNest,Janani Mani,dfp_64a3578a444565000b37,rajuyamini@ybl,17.433831,78.342128,19674.82,2026-02-07T00:00:00,False,item_not_as_described
ORD-722c4e7250,M_ElectroHub,Janya Gaba,dfp_4eb2435ad84e0ad052f2,isha34@okhdfcbank,28.572551,77.064647,25049.33,2026-06-20T00:00:00,False,item_not_as_described
ORD-5128f471ee,M_FashionNest,Balvan Verma,dfp_d2dfa98d61ec036929f0,balvanverma_D@paytm,19.119328,72.847228,46046.05,2026-04-06T00:00:00,True,item_not_received
ORD-b8930b1065,M_GadgetKart,Eesha Sunder,dfp_968b4fffd87430edf8a3,nnarasimhan@ybl,17.44974,78.35921,40119.07,2026-07-09T00:00:00,False,item_not_as_described
ORD-22addcc2a1,M_HomeBazaar,Victor Sekhon,dfp_7c0548b6c694736b10f9,harishkala@oksbi,19.131793,72.84951,22787.76,2026-04-20T00:00:00,False,
ORD-21061924b2,M_GadgetKart,Jasmit Pall,dfp_7d87d28c3e68a51aec2e,ekanipadmanabhan@oksbi,12.934443,77.624386,26849.13,2026-07-07T00:00:00,False,item_not_as_described
ORD-fa339cbdf7,M_GadgetKart,Lohit Dasgupta,dfp_7218608ea720d5ecbcf1,ahluwaliameera@oksbi,12.938823,77.617825,24848.06,2026-02-25T00:00:00,False,item_not_as_described
ORD-de87ef56ae,M_HomeBazaar,Nitara Vala,dfp_6676e198486fcda0698e,dipta83@okhdfcbank,12.928461,77.606197,28903.14,2026-07-11T00:00:00,False,
ORD-634c60d8f9,M_TrendMart,Jonathan Thakkar,dfp_7062ea8574d01234d1b4,harish71@paytm,19.123036,72.849452,25435.14,2026-04-21T00:00:00,False,item_not_as_described
ORD-0ea7a7e267,M_HomeBazaar,Garima Srinivasan,dfp_57019f82b11612a594d6,wsehgal@ybl,12.993255,80.266554,3206.1,2026-06-13T00:00:00,False,item_not_as_described
ORD-304a2a5ba9,M_HomeBazaar,Sai Deshmukh,dfp_d34868dfa629a2ec9a51,tanmayisaran@ybl,17.446731,78.331312,7382.7,2026-04-05T00:00:00,False,
ORD-db72c2d1e1,M_ElectroHub,Jagvi Chokshi,dfp_4dbfbd00b4c5b9862d03,onkarbhasin_s@okhdfcbank,19.120093,72.846592,38399.22,2026-03-19T00:00:00,True,item_not_received
ORD-65f82c428a,M_FashionNest,Gaurang Tara,dfp_c8d4310e92b1705e83ac,hmutti@paytm,19.126938,72.848221,15481.51,2026-06-04T00:00:00,False,item_not_as_described
ORD-62809c6bc3,M_FashionNest,Qasim Bal,dfp_1a70531e0ba917227808,madhavbalan_W@paytm,13.001293,80.256319,33978.74,2026-06-08T00:00:00,True,item_not_received
ORD-1ee09f9790,M_GadgetKart,Shivani Lad,dfp_97206d6d76da949b7265,aradhanaverma@okhdfcbank,28.5962,77.045922,43565.43,2026-07-20T00:00:00,False,item_not_as_described
ORD-ed0f269217,M_FashionNest,Urvashi Ramachandran,dfp_2ac8534ebf79451adb63,ekantika20@oksbi,17.449835,78.371018,14916.5,2026-03-28T00:00:00,False,
ORD-b4614db793,M_FashionNest,Pushti Chand,dfp_d50a9e4843257bb76ce7,agarwaltanay@paytm,28.60103,77.06582,35877.44,2026-07-14T00:00:00,False,
ORD-a1c5cf94a4,M_TrendMart,Om Pandey,dfp_64ea895a2839b847eebd,logansuresh@oksbi,17.436861,78.342557,7807.76,2026-05-05T00:00:00,False,item_not_as_described
ORD-e8f12b8726,M_TrendMart,Bhavini Bhandari,dfp_3cac07364dbbd876b5f5,wardasarna@ybl,13.006766,80.253884,38050.84,2026-01-05T00:00:00,False,
ORD-0ca292525f,M_GadgetKart,Dalbir Konda,dfp_c8579d95b9b6c3563439,sarafjack@okhdfcbank,28.598016,77.045869,43249.11,2026-01-06T00:00:00,False,
ORD-501a09686a,M_HomeBazaar,Chaitanya Lall,dfp_7b726305d9f7b1e9d909,qshroff@okhdfcbank,28.580315,77.053011,3608.84,2026-05-23T00:00:00,False,item_not_as_described
ORD-00956f5f11,M_GadgetKart,Mitali Sinha,dfp_f84229021ddb6a310dbf,flanka@okhdfcbank,28.590821,77.037424,8311.11,2026-02-15T00:00:00,False,item_not_as_described
ORD-2999ac8679,M_TrendMart,Urvi Palla,dfp_d59fc01292dcf3ee0176,nihal41@ybl,17.441915,78.354275,10603.81,2026-04-23T00:00:00,False,
ORD-6fa265765a,M_ElectroHub,Owen Parikh,dfp_9d57cd8dfaa05a4e7960,parthradhakrishnan@okhdfcbank,17.42936,78.338925,39901.77,2026-04-07T00:00:00,False,
ORD-e910777302,M_ElectroHub,Jasmit Ramanathan,dfp_ff25430bec8f25ad9c24,binadesai@oksbi,12.927722,77.626995,1264.06,2026-04-16T00:00:00,False,
ORD-e56209832d,M_GadgetKart,Onkar Bhasin,dfp_4dbfbd00b4c5b9862d03,onkarbhasin_s@okhdfcbank,19.119932,72.846595,15242.0,2026-03-12T00:00:00,True,item_not_received
ORD-6e50b3de9f,M_ElectroHub,Madhav Balan,dfp_1a70531e0ba917227808,madhavbalan@paytm,13.001755,80.256346,46732.01,2026-06-13T00:00:00,True,item_not_received
ORD-a8d89e915b,M_GadgetKart,Yadavi Palan,dfp_03ea7f547bcdaa2a3716,dghosh@ybl,13.009951,80.23917,37117.73,2026-01-09T00:00:00,False,
ORD-494a676044,M_HomeBazaar,Tanay Doshi,dfp_d0012c14f656b4636979,nsavant@ybl,28.592763,77.039625,30720.4,2026-03-03T00:00:00,False,item_not_as_described
ORD-8ec3ae622d,M_HomeBazaar,Rehaan Vyas,dfp_e3c20b22533e24b4795a,irya46@okhdfcbank,19.127479,72.850082,37412.58,2026-04-28T00:00:00,False,item_not_as_described
ORD-74af96279b,M_HomeBazaar,Yash Basu,dfp_606736a8a0ceec5d4c30,osarna@okhdfcbank,28.589197,77.048338,39025.4,2026-03-13T00:00:00,False,
ORD-9f5b132208,M_HomeBazaar,Ijaya Muni,dfp_937d892ecbef0d4a62bd,tamanna38@okhdfcbank,17.440565,78.355234,34251.21,2026-01-03T00:00:00,False,item_not_as_described
ORD-dee193a1e4,M_FashionNest,Tripti Dua,dfp_5932338cbcf9f6ef235b,ugoda@paytm,28.59354,77.045868,41172.02,2026-01-08T00:00:00,True,
ORD-c369f8c407,M_TrendMart,Tanay Rattan,dfp_d6b554fa7116b520f8a6,galaladli@okhdfcbank,13.014269,80.253598,39129.97,2026-07-04T00:00:00,False,
ORD-d96ed64c03,M_HomeBazaar,Diya Dora,dfp_f1d3449c9fb99498651d,ebir@paytm,28.5824,77.050405,19763.95,2026-02-12T00:00:00,False,item_not_as_described
ORD-15868fff92,M_TrendMart,Idika Pandey,dfp_d2186ec7a67c59a774db,idikapandey@okhdfcbank,12.934876,77.624293,16303.52,2026-03-12T00:00:00,True,item_not_received
ORD-71ed3d8aba,M_HomeBazaar,Ikbal Gala,dfp_4d5f3707f4c3c8565ddd,zaitraghosh@paytm,13.001761,80.257356,16154.66,2026-01-26T00:00:00,False,
ORD-355f518314,M_ElectroHub,Isaiah Khosla,dfp_c37716a8c228d18f93cd,hbobal@paytm,19.129767,72.855428,42223.52,2026-03-19T00:00:00,False,item_not_as_described
ORD-057b479dff,M_FashionNest,Ekta Shankar,dfp_f7e7727340e4aabf19ed,samakshjayaraman@ibl,19.119878,72.847187,42183.24,2026-02-28T00:00:00,True,item_not_received
ORD-aca75e5079,M_HomeBazaar,Vritti Dube,dfp_fefc652de0c53a3f2eed,patelaarush@paytm,17.433039,78.340883,39147.46,2026-03-23T00:00:00,False,item_not_as_described
ORD-7339ea1205,M_FashionNest,Andrew Chauhan,dfp_4e299d2b521b7dd8939a,csachar@okhdfcbank,12.930179,77.62298,43390.95,2026-01-10T00:00:00,False,item_not_as_described
ORD-3e28c7a48c,M_HomeBazaar,Azaan Sankar,dfp_a1a89e17708b940d3457,radhadugar@paytm,28.586679,77.039988,37328.0,2026-07-13T00:00:00,False,item_not_as_described
ORD-5b41a9732b,M_HomeBazaar,Diya Sachar,dfp_3c1f60e40fbe29b1cbad,zaitra80@paytm,12.927852,77.625183,33033.2,2026-06-05T00:00:00,False,item_not_as_described
ORD-792e080923,M_GadgetKart,Yashoda Kapur,dfp_92b477691272308b7eff,iyerliam@paytm,13.002879,80.259234,17589.05,2026-01-06T00:00:00,False,
ORD-b0f7c158b1,M_TrendMart,Ranveer Manne,dfp_ff8573d0d2c8e8954f7a,ranveermanne78@oksbi,12.935294,77.624533,49517.88,2026-04-11T00:00:00,True,item_not_received
ORD-549b5aa812,M_TrendMart,Manthan Bhagat,dfp_6408b953229505c44ac4,dugaryashasvi@ybl,19.12061,72.847952,32137.72,2026-06-28T00:00:00,True,item_not_as_described
ORD-12d6001e60,M_TrendMart,Laksh Chahal,dfp_a1c61c6608aaabfb978b,lakshchahal@ybl,13.001177,80.25633,50804.54,2026-03-08T00:00:00,True,item_not_received
ORD-1e1cacc053,M_ElectroHub,Laban Padmanabhan,dfp_4d44f8111efabcefcd38,upasna80@okhdfcbank,17.458933,78.334977,5564.59,2026-05-15T00:00:00,False,item_not_as_described
ORD-4391f4383c,M_ElectroHub,Tanvi Gera,dfp_0f054c9512a78f1a2527,frado25@oksbi,17.440863,78.34699,23075.64,2026-06-05T00:00:00,False,item_not_as_described
ORD-b55c604728,M_FashionNest,Urmi Patla,dfp_2a1ac5b57f98eba52ab8,ldoctor@paytm,12.999732,80.258669,36375.21,2026-01-10T00:00:00,False,item_not_as_described
ORD-fc721414f2,M_TrendMart,Daksha Gala,dfp_b43289d82c4a8d271a33,ekantikakar@ybl,13.018675,80.276329,5192.51,2026-01-21T00:00:00,False,item_not_as_described
ORD-8bfdb8392a,M_FashionNest,Chakrika Tara,dfp_60609043555886932435,dsrinivas@ybl,28.596644,77.02891,16795.74,2026-02-14T00:00:00,False,
ORD-6778bb9ceb,M_GadgetKart,Harish Devan,dfp_1a967ce179046376371f,dugarniharika@okhdfcbank,17.443802,78.351248,18875.01,2026-06-12T00:00:00,False,
ORD-c3af71b0e1,M_HomeBazaar,Siddharth Soman,dfp_1370416224a74f2681c5,chakradhar14@ybl,12.939703,77.619877,29685.81,2026-04-03T00:00:00,False,
ORD-71f93da4ca,M_HomeBazaar,Tara Tank,dfp_d3917b544423940ed2bc,aarushkulkarni@oksbi,13.0012,80.256483,1703.91,2026-04-28T00:00:00,False,
ORD-a7476cfd23,M_GadgetKart,Xalak Randhawa,dfp_d43c957a8cfba4a91f34,qdhar@oksbi,19.122864,72.8425,7056.4,2026-06-23T00:00:00,False,
ORD-05d031628c,M_ElectroHub,Kai Sant,dfp_be29d4bd59a763ffd050,dashzarna@paytm,12.935175,77.624614,30667.54,2026-04-02T00:00:00,False,item_not_as_described
ORD-64947215e0,M_ElectroHub,Irya Sampath,dfp_252392ca62e10eb94bc7,manidevika@oksbi,12.933106,77.626885,9673.34,2026-06-01T00:00:00,False,
ORD-56f56485c7,M_FashionNest,Onkar Bhasin,dfp_4dbfbd00b4c5b9862d03,onkarbhasin@paytm,19.119436,72.847052,42154.66,2026-03-09T00:00:00,True,item_not_received
ORD-1e2bea84cc,M_HomeBazaar,Vedika Kala,dfp_c21d93e27440cea2759a,urvashikibe@okhdfcbank,19.120273,72.848012,31218.64,2026-04-02T00:00:00,False,item_not_as_described
ORD-fd745e25e6,M_ElectroHub,Akshay Nagy,dfp_00ee50a40f13ff7869a2,andrewagrawal@paytm,19.120704,72.850364,31834.81,2026-04-04T00:00:00,False,item_not_as_described
ORD-30c2fe7a43,M_ElectroHub,Urvi Lanka,dfp_a2a4d51eaecb10e2a56b,charansrinivasan@okhdfcbank,19.120675,72.849986,36751.73,2026-01-12T00:00:00,False,item_not_as_described
ORD-51dc84366d,M_ElectroHub,Elijah Andra,dfp_9922b9eb05bf9cc33fce,echaudhry@oksbi,17.440508,78.35008,16868.29,2026-05-10T00:00:00,False,
ORD-90adbf4bd0,M_GadgetKart,Max Om,dfp_d2186ec7a67c59a774db,idikapandey@ybl,12.935478,77.624035,10321.98,2026-03-13T00:00:00,True,item_not_received
ORD-a3c2cf9137,M_ElectroHub,Imaran Dua,dfp_ce7476acbdef8e9a16d2,pahalbhatt@paytm,13.002396,80.263839,17369.5,2026-04-01T00:00:00,False,item_not_as_described
ORD-f4352393b0,M_TrendMart,William Mody,dfp_a92132957adcfa132f7c,goswamikashvi@ybl,12.945359,77.615341,16444.66,2026-01-10T00:00:00,False,
ORD-b21652b8bb,M_TrendMart,Saksham Divan,dfp_465554e30fec0fe65237,ekaja11@ybl,12.943285,77.617924,7901.82,2026-05-08T00:00:00,False,item_not_as_described
ORD-b52aaabd97,M_HomeBazaar,Aadhya Andra,dfp_d3ac24651a0f20130a67,rmani@paytm,28.568709,77.071025,2683.36,2026-07-18T00:00:00,False,
ORD-8b268ac8bd,M_TrendMart,Arin Dass,dfp_414996199deee24f8159,zayanbuch@ybl,19.120953,72.847518,13796.97,2026-06-06T00:00:00,False,item_not_as_described
ORD-198d0db5fd,M_HomeBazaar,Odika Karan,dfp_a60dcfc344eadd911d23,ramomya@ybl,28.592811,77.030358,1515.43,2026-06-25T00:00:00,False,
ORD-922acecaac,M_HomeBazaar,Warjas Mittal,dfp_5a8691e8f74c4732da3a,timothysachdev@oksbi,12.919086,77.609309,30957.33,2026-02-15T00:00:00,False,
ORD-b6e00d44ab,M_GadgetKart,Yashawini Lanka,dfp_dc24ad81dd4c4e26f375,ikshitabiswas@ybl,13.002229,80.273966,18962.33,2026-07-16T00:00:00,False,item_not_as_described
ORD-2088646477,M_FashionNest,Harinakshi Panchal,dfp_d363efee60fb866cb171,gollaluke@ybl,12.991026,80.254994,31345.31,2026-06-01T00:00:00,False,item_not_as_described
ORD-2b2064c7cb,M_ElectroHub,Krisha Gour,dfp_d433c57b13be558ea976,okhosla@oksbi,17.437714,78.339954,41694.33,2026-06-05T00:00:00,False,
ORD-206092d199,M_GadgetKart,Gautami Doctor,dfp_70d0d654731573c09ca0,lajitabassi@oksbi,28.592045,77.04594,2038.8,2026-05-28T00:00:00,False,
ORD-762528c5df,M_ElectroHub,Ojasvi Pillay,dfp_13208f52019133539100,latabanjeet@ybl,19.126376,72.859305,8678.6,2026-04-12T00:00:00,False,item_not_as_described
ORD-866ca29a7e,M_ElectroHub,Tejas Tiwari,dfp_d51932a4267b41ea2ddc,dprakash@paytm,13.007142,80.252322,32917.6,2026-03-03T00:00:00,False,
ORD-f45bf942f7,M_FashionNest,Ishita Bora,dfp_d1187970e8a59474353c,thomas28@paytm,19.137,72.82857,20006.48,2026-05-30T00:00:00,False,
ORD-eabd79f36a,M_ElectroHub,Pranit Garde,dfp_241c00c7951219efa0ab,farhanraja@ybl,12.937561,77.621382,6098.45,2026-06-20T00:00:00,False,
ORD-e3b17c22da,M_FashionNest,Vyanjana Chand,dfp_c89346a60a8a9c9b1e1c,apall@paytm,28.590799,77.044595,27491.79,2026-01-07T00:00:00,False,
ORD-e0afb6bd2d,M_FashionNest,Ekta Uppal,dfp_c1d1985401a6be2edfb4,fsekhon@okhdfcbank,17.448887,78.365485,13856.92,2026-01-26T00:00:00,False,
ORD-c8cbf08fc0,M_GadgetKart,Jagrati Guha,dfp_fe81674cef8b2e33d4bf,netrabahl@oksbi,12.912175,77.62791,1411.77,2026-05-26T00:00:00,False,item_not_as_described
ORD-32a3c0e36d,M_TrendMart,Oeshi Mahajan,dfp_ba230524280555824e67,yauvanicomar@oksbi,28.598631,77.050683,42676.56,2026-02-11T00:00:00,False,item_not_as_described
ORD-4ca4ed6a0d,M_GadgetKart,Sanaya Kala,dfp_bfa10e78b8b00c136312,vritti31@okhdfcbank,19.111627,72.853308,13698.65,2026-06-23T00:00:00,False,item_not_as_described
ORD-514c21c44a,M_GadgetKart,Bhavna Sarma,dfp_384229da651a79a63292,bdara@ybl,12.949483,77.622253,40140.39,2026-05-04T00:00:00,False,item_not_as_described
ORD-6eccbb5e82,M_GadgetKart,Qabil Nadkarni,dfp_e21901c38a2795131a44,hemangtaneja@ybl,12.918262,77.636599,32806.13,2026-01-28T00:00:00,False,
ORD-e1ab03a175,M_FashionNest,Darpan Kale,dfp_f647e7353c559c24b07b,vamakshi17@ybl,13.001536,80.281312,6385.43,2026-02-22T00:00:00,False,item_not_as_described
ORD-c4e8c2f25c,M_FashionNest,Gaurangi Mitter,dfp_31257ba1be01b838dafa,kakarranveer@oksbi,12.943231,77.630961,6590.06,2026-03-13T00:00:00,False,
ORD-0340707040,M_HomeBazaar,Chanakya Chokshi,dfp_20b7524feb2e1cd3c03b,bavajack@oksbi,19.118236,72.852301,4903.47,2026-02-12T00:00:00,False,
ORD-2d13e0f0cf,M_TrendMart,Vansha Mistry,dfp_770e3fca584f94efd6df,sanibrinda@ybl,12.941223,77.640908,3453.58,2026-06-04T00:00:00,False,item_not_as_described
ORD-aebff861aa,M_ElectroHub,Balvan Verma,dfp_d2dfa98d61ec036929f0,balvanverma92@paytm,19.119628,72.846492,18481.73,2026-03-27T00:00:00,True,item_not_received
ORD-3357958717,M_GadgetKart,Chandani Chawla,dfp_6936a1f188f867af40c5,aishanidalia@ybl,17.428957,78.333648,34831.58,2026-06-02T00:00:00,False,item_not_as_described
ORD-9aaf3f295c,M_HomeBazaar,Maanav Sinha,dfp_c6eec54b8db9f27b91c4,echakrabarti@ybl,12.988355,80.269632,31538.64,2026-04-17T00:00:00,False,
ORD-902a368dfc,M_HomeBazaar,Sathvik Swamy,dfp_0d96eb9714222468ce53,sidhudarsh@oksbi,19.115275,72.829044,40543.1,2026-06-13T00:00:00,False,item_not_as_described
ORD-63375bde60,M_HomeBazaar,Jatin Sha,dfp_0c046bfc1efd757360b6,adweta96@paytm,12.988399,80.245667,18039.1,2026-02-17T00:00:00,False,
ORD-8ef6e0d679,M_FashionNest,Yashvi Hari,dfp_ca8774788c80cfe17d70,indali23@oksbi,28.589808,77.047432,25271.22,2026-04-08T00:00:00,False,item_not_as_described
ORD-10dd8896f7,M_FashionNest,Chaitanya Aggarwal,dfp_1c5699af5c986a31b768,kalpit42@paytm,17.454177,78.325456,34985.69,2026-01-08T00:00:00,False,item_not_as_described
ORD-4ef81db2b6,M_ElectroHub,Jyoti Iyer,dfp_6eaab4bea5650dc6d7fc,daksha93@paytm,28.580862,77.045207,20507.19,2026-03-14T00:00:00,False,
ORD-fceb338a9c,M_ElectroHub,Dalaja Kade,dfp_dc4ce22a0539c2beb94d,siddharth68@okhdfcbank,19.106137,72.861341,39806.82,2026-04-27T00:00:00,False,item_not_as_described
ORD-33e8080161,M_TrendMart,Vansha Rajagopal,dfp_ffee88f53ecad6205774,baradryan@ybl,12.99097,80.258102,18008.97,2026-04-22T00:00:00,False,item_not_as_described
ORD-17822868b2,M_HomeBazaar,Wishi Samra,dfp_d9a277560f6cd4674d26,onipradhan@okhdfcbank,28.589582,77.04368,1212.59,2026-05-16T00:00:00,False,
ORD-7005dcb36c,M_FashionNest,Nathan Mukhopadhyay,dfp_bdf39773629c982ae916,reddygirik@oksbi,17.445773,78.364777,5330.48,2026-05-13T00:00:00,False,
ORD-ec5a5a24cb,M_GadgetKart,Chaitaly Datta,dfp_b7a7602b9c46881333ef,aaravraman@paytm,19.10731,72.854501,16424.97,2026-06-21T00:00:00,False,item_not_as_described
ORD-37f09c6c0f,M_TrendMart,Anay Wagle,dfp_bd26d0a018f390dd5be9,bhavini08@paytm,12.953173,77.608691,23476.67,2026-01-27T00:00:00,False,item_not_as_described
ORD-58eae3e38c,M_TrendMart,Theodore Roy,dfp_a4cd0db7ad72a5379a57,qabilvaidya@ybl,17.442915,78.346387,23001.62,2026-01-23T00:00:00,False,item_not_as_described
ORD-5bc7a22fd9,M_TrendMart,Aarna Bir,dfp_efa2e9f83cbd68b72e64,rkannan@oksbi,19.116525,72.859321,11838.16,2026-05-30T00:00:00,False,
ORD-859b419ddc,M_GadgetKart,Yatin Kant,dfp_ebcb818ea89cf2e28814,xmalhotra@paytm,12.931931,77.621819,40765.04,2026-04-21T00:00:00,False,
ORD-12f1d5d3f0,M_ElectroHub,Alexander Dhawan,dfp_8f458c7197fdae696e15,edubey@paytm,17.441155,78.351152,14600.4,2026-04-16T00:00:00,False,item_not_as_described
ORD-26d9ac680f,M_FashionNest,Urmi Dewan,dfp_d699ec7b9c8777d5ca63,nsen@okhdfcbank,13.001009,80.256424,15584.74,2026-02-16T00:00:00,False,
ORD-0e0f522811,M_FashionNest,Saksham Vasa,dfp_cc86b06201c9fe03c9c8,robert09@ybl,12.938116,77.625703,30443.9,2026-01-31T00:00:00,False,
ORD-de042687ee,M_GadgetKart,Vyanjana Som,dfp_61d19840d4907254853b,vihaankata_o@ibl,19.119643,72.846714,54527.33,2026-02-20T00:00:00,True,item_not_received
ORD-69aca06250,M_GadgetKart,Anamika Kanda,dfp_6073e5dd3a641c58ad50,daksh30@paytm,19.112872,72.850833,8445.45,2026-06-21T00:00:00,False,item_not_as_described
ORD-c274d31606,M_ElectroHub,Saumya Mall,dfp_6f8fd0ba84a167fe482e,duttapahal@paytm,19.115763,72.824725,37954.13,2026-01-29T00:00:00,False,item_not_as_described
ORD-c35fe7a12f,M_GadgetKart,Anirudh Zacharia,dfp_a8211ef259caa46f33e1,pallaudarsh@ybl,17.43763,78.34587,14262.72,2026-05-10T00:00:00,False,
ORD-83e8f7d4b3,M_ElectroHub,Tanmayi Magar,dfp_6e0a9a73259ddae22bd3,zsridhar@oksbi,28.597592,77.046475,40266.05,2026-02-20T00:00:00,False,item_not_as_described
ORD-fc5dcc5b3d,M_GadgetKart,Zaid Bir,dfp_c62a235a16d5c87149b8,aahana10@oksbi,17.444023,78.343487,3736.59,2026-03-02T00:00:00,False,item_not_as_described
ORD-be2a08f4cb,M_ElectroHub,Mohini De,dfp_75ef98ba002d32894b68,yutika81@paytm,28.593771,77.028356,17488.69,2026-05-13T00:00:00,False,item_not_as_described
ORD-58202d9a0c,M_HomeBazaar,Kabir Keer,dfp_86cbf79908c914609d19,maneekaraj@oksbi,19.111516,72.838923,37007.62,2026-03-26T00:00:00,False,item_not_as_described
ORD-3cb1f156d0,M_FashionNest,Siddharth Devan,dfp_c16e68bc22680dd48700,bimala51@paytm,17.42911,78.360448,13856.84,2026-03-19T00:00:00,False,
ORD-bc7fcf3e1f,M_ElectroHub,Rushil Mahal,dfp_04815d02e44211503409,ucchal86@okhdfcbank,13.00114,80.256682,38108.04,2026-03-01T00:00:00,False,
ORD-2cb237ef17,M_HomeBazaar,Pallavi Roy,dfp_b228f8ed4d7cb51f2fdb,rbhagat@okhdfcbank,28.587979,77.04394,43543.47,2026-04-23T00:00:00,False,item_not_as_described
ORD-aa039eb973,M_HomeBazaar,Widisha Dhar,dfp_40b8879857d9d287d87c,triyakumar@okhdfcbank,12.928939,77.635995,33147.5,2026-04-23T00:00:00,False,
ORD-0e116f9559,M_ElectroHub,Anya Ratta,dfp_f915835f8f488ca302da,megha69@ybl,17.461722,78.346613,21232.39,2026-01-29T00:00:00,False,item_not_as_described
ORD-3aaadbb697,M_GadgetKart,Chandresh Chaudhry,dfp_71e0d43c9121d0a483c2,balveermannan@okhdfcbank,28.587014,77.03752,36837.54,2026-06-02T00:00:00,False,item_not_as_described
ORD-21b712527f,M_FashionNest,Radhika Bora,dfp_8ffd65f73add3725e146,arjunsharaf@ybl,17.440983,78.349509,29870.76,2026-04-01T00:00:00,False,
ORD-c71f7b7d55,M_TrendMart,Nilima Tata,dfp_c54170c6d5fd6d4f1a67,chavvikhurana@paytm,28.582523,77.061035,32968.23,2026-04-02T00:00:00,False,item_not_as_described
ORD-49af462de6,M_HomeBazaar,Janaki Dani,dfp_95c68fe2840640a6371d,oeshinarayanan@oksbi,12.985276,80.234023,42466.96,2026-05-09T00:00:00,False,
ORD-5fb1eee1c4,M_TrendMart,Zilmil Yogi,dfp_d2dfa98d61ec036929f0,balvanverma92@paytm,19.11972,72.846683,39659.15,2026-03-23T00:00:00,True,item_not_received
ORD-9bc61104de,M_TrendMart,Qushi Naik,dfp_e3fd1fafab097378f191,chowdhuryodika@paytm,28.603941,77.058695,6726.06,2026-03-19T00:00:00,False,item_not_as_described
ORD-44cefc5d4d,M_TrendMart,Yasti Dutta,dfp_7de73174576ae6f7509e,jananichada@oksbi,17.440037,78.348923,2507.56,2026-01-25T00:00:00,False,
ORD-4ef502bf52,M_ElectroHub,Advay Raja,dfp_bae3c0711db43a7ef5ad,modybenjamin@okhdfcbank,17.432104,78.340742,44352.76,2026-01-31T00:00:00,False,
ORD-0a79111816,M_FashionNest,Nicholas Seth,dfp_d283f0a5862a3040e5f6,bandichaitaly@paytm,13.001095,80.269517,31009.44,2026-06-09T00:00:00,False,item_not_as_described
ORD-1c7039f4aa,M_GadgetKart,Michael Patla,dfp_8548cf4f34d0553605f9,priya20@paytm,17.438795,78.349975,13109.85,2026-01-22T00:00:00,False,item_not_as_described
ORD-7680a74b06,M_FashionNest,Meera Divan,dfp_e358b5e9197143e86ada,gayathributala@oksbi,13.003664,80.26565,36647.74,2026-06-21T00:00:00,True,item_not_as_described
ORD-ab24dd00fa,M_TrendMart,Indira Kanda,dfp_2190618c2287a39b31c5,zashildevan@ybl,19.112924,72.843394,5506.69,2026-05-28T00:00:00,False,item_not_as_described
ORD-5c6272ad4a,M_HomeBazaar,Zayyan Naik,dfp_a45a577c71a14de3babe,ravalyoshita@ybl,28.597391,77.04993,36662.4,2026-04-20T00:00:00,False,
ORD-96c9c9051d,M_FashionNest,Harrison Narula,dfp_836d0f4dba1fc0579f19,ranveerrout@okhdfcbank,19.118944,72.857631,25485.67,2026-04-04T00:00:00,False,
ORD-02a4068e2f,M_FashionNest,Neha Varma,dfp_6d256de2f3074372dd43,jyoti77@okhdfcbank,13.002007,80.257123,19761.54,2026-07-08T00:00:00,False,item_not_as_described
ORD-9b18f2979c,M_FashionNest,Amruta Sachar,dfp_6d1e671bf6f0fbe4ce2d,ekapadgopal@oksbi,28.592291,77.04637,6446.09,2026-04-19T00:00:00,False,item_not_as_described
ORD-636dd69c43,M_FashionNest,Zayyan Kamdar,dfp_96c08fa548418c8e5cf0,rmittal@okhdfcbank,12.994235,80.25255,11822.93,2026-07-08T00:00:00,False,item_not_as_described
ORD-cb9f0db483,M_FashionNest,Leena Tiwari,dfp_d2cc397290ec3359f5fe,rrege@paytm,12.987256,80.246814,21060.04,2026-05-13T00:00:00,False,item_not_as_described
ORD-f6548aee40,M_GadgetKart,Ekani Cheema,dfp_bcd4a4efdaf0d2096813,forumsabharwal@paytm,12.923057,77.614602,9921.51,2026-04-12T00:00:00,False,
ORD-642d0f9714,M_HomeBazaar,Aarnav Mandal,dfp_3f760288851848c47673,vrishti27@paytm,17.436029,78.357115,43275.08,2026-07-05T00:00:00,False,item_not_as_described
ORD-e7ccfbd9c5,M_TrendMart,Warinder Peri,dfp_e8a1bee6c15c8c62300a,leela90@okhdfcbank,12.942154,77.61833,17460.8,2026-01-25T00:00:00,False,
ORD-7dd7e9752e,M_TrendMart,Keya Jha,dfp_2b060eed0962740b90c9,nilima51@oksbi,12.944307,77.620784,16997.1,2026-02-14T00:00:00,False,
ORD-8d8261e2f3,M_TrendMart,Timothy Bhatnagar,dfp_7eee15ab2b1ba1bbf928,pmittal@ybl,12.995751,80.241836,34687.35,2026-06-28T00:00:00,False,
ORD-3226d24968,M_HomeBazaar,Tanmayi Dhillon,dfp_b7b23658bb2f012e6131,mhalder@ybl,13.004942,80.258179,32739.74,2026-05-28T00:00:00,False,item_not_as_described
ORD-063c27bce5,M_HomeBazaar,Vidhi Chopra,dfp_211ee3e9fa110efb0b65,finnmand@paytm,12.932725,77.622787,14385.83,2026-04-20T00:00:00,False,
ORD-6d03f4d88f,M_GadgetKart,Gautami Doctor,dfp_70d0d654731573c09ca0,lajitabassi@oksbi,28.59213,77.046026,3340.84,2026-05-25T00:00:00,False,
ORD-021e449b4b,M_ElectroHub,Kashvi Gour,dfp_61d19840d4907254853b,vihaankata62@okhdfcbank,19.119603,72.846525,24553.63,2026-02-25T00:00:00,True,item_not_received
ORD-3df6f457ce,M_GadgetKart,Lakshmi Sidhu,dfp_b0f31f003d9371f7459f,advay18@ybl,13.007554,80.255937,35111.52,2026-03-13T00:00:00,False,item_not_as_described
ORD-a4a8dadc1d,M_GadgetKart,Advik Salvi,dfp_0934680423e8accfc587,bcherian@paytm,19.115154,72.854717,17782.36,2026-02-14T00:00:00,False,item_not_as_described
ORD-c12643155d,M_GadgetKart,Yoshita Trivedi,dfp_8568c99fd1f50db9efba,csur@oksbi,19.104468,72.821428,37585.89,2026-05-14T00:00:00,False,
ORD-f816bd7101,M_ElectroHub,Vritti Goswami,dfp_95f6bb333b203f4d880c,mitali39@okhdfcbank,17.439561,78.348675,22187.99,2026-06-18T00:00:00,False,
ORD-9fe6f2727e,M_HomeBazaar,Avi Shenoy,dfp_4e352e7d67bb67636d12,rakshamanne@ybl,19.116696,72.845646,7747.46,2026-03-22T00:00:00,False,
ORD-7c37fa7603,M_GadgetKart,Mason Narain,dfp_b6c6749b6d3c0952d42a,michaelbedi@paytm,17.438815,78.343091,9233.51,2026-01-31T00:00:00,False,item_not_as_described
ORD-d575a92218,M_FashionNest,Mitesh Sampath,dfp_c0cda5622efbc2e1274a,cborah@paytm,19.106402,72.854336,28174.78,2026-02-15T00:00:00,True,item_not_as_described
ORD-986cfb9de1,M_FashionNest,Warjas Luthra,dfp_d7efea44af0489be318a,xoza@ybl,17.441781,78.324568,32467.02,2026-04-11T00:00:00,False,item_not_as_described
ORD-4df66a8c43,M_ElectroHub,Aradhana Vohra,dfp_66547ad618ad5a9411fa,harish34@paytm,28.616831,77.053559,12120.3,2026-02-27T00:00:00,False,
ORD-cb35bb51b1,M_FashionNest,Tejas Sanghvi,dfp_5325af393d77081c9179,wardaloyal@paytm,13.002358,80.258126,3477.25,2026-03-22T00:00:00,False,item_not_as_described
ORD-23ac261c2b,M_HomeBazaar,Ekapad Walia,dfp_caae68aed124b941bbf8,kabirsoman@okhdfcbank,13.00225,80.258875,19979.71,2026-06-30T00:00:00,False,
ORD-286f2da377,M_ElectroHub,Maya Dugar,dfp_4229340a8c3325562915,anthonybaral81@okhdfcbank,17.440392,78.349348,52576.12,2026-06-20T00:00:00,True,item_not_received
ORD-5db95dff11,M_HomeBazaar,Dominic Kade,dfp_58181402376eec83c273,paninichawla@paytm,13.001457,80.257161,23179.25,2026-03-31T00:00:00,False,
ORD-6e504cc581,M_ElectroHub,Noah Sibal,dfp_fd75482dcec0ad0e27f6,aviramesh@oksbi,28.593586,77.045486,39755.46,2026-07-07T00:00:00,False,
ORD-181e866b50,M_ElectroHub,Yuvraj Mani,dfp_d70965a4bab409b283d0,rastogihema@okhdfcbank,17.433403,78.363717,44703.01,2026-01-05T00:00:00,False,
ORD-0ba54fb986,M_TrendMart,Kamya Sachar,dfp_62d9bd06206295851d06,mnaik@oksbi,28.589787,77.037867,33905.63,2026-05-01T00:00:00,False,
ORD-c2605df6fc,M_GadgetKart,Oeshi Prashad,dfp_5aa14d7b77c5f390577e,oborra@okhdfcbank,12.937303,77.634432,21130.73,2026-01-04T00:00:00,False,item_not_as_described
ORD-b4be16ceb7,M_ElectroHub,Laksh Chahal,dfp_a1c61c6608aaabfb978b,lakshchahal_R@ybl,13.000924,80.256345,47775.44,2026-02-23T00:00:00,True,item_not_received
ORD-b159c0fb79,M_FashionNest,Balveer More,dfp_dc97e3a2b1b392d45c47,lbandi@paytm,12.927644,77.621066,9800.13,2026-03-24T00:00:00,False,item_not_as_described
ORD-393d89943b,M_TrendMart,Barkha Rai,dfp_ec67362fa562edd9a043,pwalla@okhdfcbank,28.589998,77.049461,3204.81,2026-04-02T00:00:00,False,item_not_as_described
ORD-696deb8680,M_ElectroHub,Alka Kade,dfp_61b4eb815cd0e4a977e3,fbalasubramanian@oksbi,12.999861,80.248858,33221.43,2026-05-21T00:00:00,True,
ORD-964be02ca1,M_TrendMart,Jack Pandey,dfp_2c99998a83b0366bbb05,rsahni@oksbi,12.934998,77.625304,33785.56,2026-07-17T00:00:00,False,item_not_as_described
ORD-47d00e3cc1,M_FashionNest,Anvi Dyal,dfp_c554d7a1da4d0d8f620b,walimohammed@okhdfcbank,12.923512,77.621245,35122.08,2026-02-17T00:00:00,False,item_not_as_described
ORD-71ce9dd0c0,M_TrendMart,Ekalinga Rama,dfp_4dbfbd00b4c5b9862d03,onkarbhasin@paytm,19.11946,72.846755,13772.49,2026-03-18T00:00:00,True,item_not_received
ORD-efcef797be,M_FashionNest,Edhitha Sura,dfp_ed7de82f897be6a8e731,biswaswahab@paytm,19.118553,72.846447,16776.72,2026-02-03T00:00:00,False,item_not_as_described
ORD-74f8d92609,M_HomeBazaar,Vinaya Kala,dfp_21ff5feb6a9605f68e8a,aarna54@paytm,12.934279,77.626758,11070.14,2026-01-06T00:00:00,False,
ORD-0a901c9cd6,M_ElectroHub,Hamsini Chokshi,dfp_b6e9aee70d40a321f9b2,obatra@paytm,17.43909,78.348372,33216.97,2026-05-16T00:00:00,False,item_not_as_described
ORD-659a90f75f,M_TrendMart,Shaurya Mannan,dfp_64b9b3a12ec230b0243f,kevin28@paytm,12.99654,80.277638,33106.61,2026-03-25T00:00:00,False,
ORD-61ab02a79e,M_ElectroHub,Hritik Palla,dfp_e710820813796be31336,ishwar49@oksbi,19.111637,72.850589,17210.57,2026-06-15T00:00:00,False,item_not_as_described
ORD-52cfbf7b19,M_ElectroHub,Jatin Peri,dfp_32e1632e4afe7cf8f7dd,prashadaadhya@ybl,17.457107,78.349332,8108.31,2026-04-02T00:00:00,False,
ORD-a7471e4bf3,M_GadgetKart,Faris Baral,dfp_cf42a2286682945b2250,mnaidu@paytm,28.594141,77.050527,22329.01,2026-02-27T00:00:00,False,item_not_as_described
ORD-59618b139d,M_TrendMart,Ranveer Viswanathan,dfp_49eb549d2cc1a48c4e20,ndube@ybl,17.44057,78.348128,29049.04,2026-03-03T00:00:00,False,
ORD-8640a3be13,M_ElectroHub,Aarush Bajaj,dfp_45c28beae31febc0ff99,ubika86@ybl,28.569276,77.038136,39994.47,2026-05-30T00:00:00,False,item_not_as_described
ORD-eff1327850,M_FashionNest,Wakeeta Desai,dfp_1ba7c6fe43dbf1c923b6,mmahajan@okhdfcbank,19.115149,72.840752,19355.73,2026-01-22T00:00:00,False,
ORD-63615dac60,M_HomeBazaar,Wridesh Chawla,dfp_703190bf61324a17c9a5,kiaan05@paytm,19.118852,72.846495,11497.58,2026-05-13T00:00:00,False,
ORD-5a1caf83ae,M_HomeBazaar,Harish Dey,dfp_69efaf6fc1413da16597,rajagopalanindali@paytm,13.00845,80.264234,14286.01,2026-01-08T00:00:00,False,
ORD-c58c1df5d2,M_HomeBazaar,Dipta Nadig,dfp_571f460085c682a56552,amara96@paytm,17.434716,78.356389,38839.94,2026-03-26T00:00:00,False,
ORD-7751920f6b,M_TrendMart,Thomas Master,dfp_d796a6e374fa7e7e34bf,maharajumang@okhdfcbank,12.937112,77.604357,44961.75,2026-01-31T00:00:00,False,item_not_as_described
ORD-0f8f1d075f,M_GadgetKart,Jyoti Tak,dfp_241e502874320055951c,yatandora@oksbi,17.423566,78.368097,9891.46,2026-06-18T00:00:00,False,
ORD-bbcf9618bd,M_FashionNest,Darika Bains,dfp_12e831086e4723d497a1,akumar@oksbi,12.93967,77.613682,28810.41,2026-03-19T00:00:00,False,
ORD-7a24c6af4a,M_GadgetKart,Jacob Merchant,dfp_c549b18b74e3512e2075,timothy32@oksbi,19.107788,72.831672,43859.48,2026-04-11T00:00:00,False,item_not_as_described
ORD-fd6d7ee940,M_HomeBazaar,Ranbir Ahluwalia,dfp_2225c85ce6cf783cea1f,virkjacob@oksbi,28.58039,77.048388,11432.18,2026-02-25T00:00:00,False,item_not_as_described
ORD-038b0cddb0,M_TrendMart,Balvan Verma,dfp_d2dfa98d61ec036929f0,balvanverma92@paytm,19.119619,72.847183,45827.84,2026-03-30T00:00:00,True,item_not_received
ORD-4c2bb7d808,M_GadgetKart,Siya Mahal,dfp_bf18c854c29799d624fc,omdutt@okhdfcbank,12.935513,77.624333,37716.63,2026-06-01T00:00:00,False,
ORD-378dd82091,M_ElectroHub,Sanaya Khosla,dfp_4a6b889fd9752e5c7a9c,balveernagi@oksbi,17.445001,78.342494,42572.38,2026-06-30T00:00:00,False,
ORD-474f17599c,M_HomeBazaar,Samaksh Jayaraman,dfp_f7e7727340e4aabf19ed,samakshjayaraman56@oksbi,19.119516,72.847043,30839.35,2026-03-08T00:00:00,True,item_not_received
ORD-fc8696f388,M_ElectroHub,Om Shankar,dfp_836d5f66b76556b3333d,hvaidya@paytm,19.11956,72.847536,40565.67,2026-04-21T00:00:00,False,
ORD-52966ca2fb,M_ElectroHub,Zashil Baral,dfp_f194325e13e3096a6645,jsarma@oksbi,13.003793,80.247708,44926.14,2026-01-10T00:00:00,False,
ORD-d00047f93e,M_HomeBazaar,Reyansh Nagi,dfp_c1d58cc7bca3a0b1390f,charoliver@oksbi,13.00389,80.247693,38450.84,2026-03-22T00:00:00,False,item_not_as_described
ORD-2b18eebaf8,M_ElectroHub,Nachiket Magar,dfp_ac1c74030e8f84c35cd5,shivansh53@ybl,19.1179,72.856742,36070.54,2026-04-01T00:00:00,False,item_not_as_described
ORD-e597557e47,M_ElectroHub,Vrinda Khosla,dfp_8dd68d7e71eb8eca91c2,cswaminathan@oksbi,17.454545,78.351673,43761.31,2026-01-22T00:00:00,False,item_not_as_described
ORD-cc88178b05,M_TrendMart,Hemang Lala,dfp_2e0ab6947d481f306d3f,fradoramakrishnan@ybl,12.998113,80.259721,17032.48,2026-03-12T00:00:00,False,
ORD-d333a6bc32,M_GadgetKart,Tristan Prabhakar,dfp_0e3346836aa06be1e226,baradleena@okhdfcbank,19.117306,72.857188,41049.4,2026-01-06T00:00:00,False,
ORD-dc2e7769a9,M_TrendMart,Rohan Viswanathan,dfp_5e92a93eba61c68a8c22,xavierbora@okhdfcbank,19.124702,72.841237,23635.64,2026-01-12T00:00:00,False,
ORD-46eff79fd4,M_FashionNest,Laksh Chahal,dfp_a1c61c6608aaabfb978b,lakshchahal_R@ybl,13.001057,80.256785,33922.85,2026-03-11T00:00:00,True,item_not_received
ORD-0d46f80cf2,M_HomeBazaar,Arunima Chacko,dfp_84cea3e90594639948d2,farhan83@paytm,12.936376,77.623746,34424.39,2026-07-14T00:00:00,False,
ORD-916d80aeae,M_TrendMart,Yashodhara Agate,dfp_2d5bba2c394300263ce6,arorayash@paytm,17.440251,78.369915,44573.96,2026-01-10T00:00:00,False,
ORD-6995712f19,M_ElectroHub,Onveer Walla,dfp_224ecde331ce692edfce,nihalshere@ybl,17.441007,78.349148,8480.73,2026-06-26T00:00:00,False,
ORD-e03ae83b7e,M_HomeBazaar,Bina Basak,dfp_1f6661593b178f239fc0,farhan57@paytm,17.426449,78.337816,35635.17,2026-04-30T00:00:00,False,item_not_as_described
ORD-afa6b7ca31,M_FashionNest,Akshay Nazareth,dfp_98149ed1e6c553c7f612,reyansh29@paytm,28.59318,77.043996,26806.7,2026-04-30T00:00:00,False,item_not_as_described
ORD-31edd4383e,M_FashionNest,Balvan Chopra,dfp_6b1c08e6ee73f5ae198b,upai@ybl,17.442346,78.341288,41138.64,2026-01-13T00:00:00,False,
ORD-034bc4bdd8,M_FashionNest,Anita Savant,dfp_0cd859ac7a8879e4c354,msunder@ybl,12.978266,80.241597,7100.2,2026-05-02T00:00:00,False,
ORD-ebe84e9d47,M_TrendMart,Dipta Bhandari,dfp_41762838a56b671566a4,soodyadavi@okhdfcbank,28.596363,77.050212,1427.14,2026-01-15T00:00:00,False,
ORD-fc42d7c168,M_HomeBazaar,Yadavi Wable,dfp_a2d8c51387fccc8edd91,medwin@ybl,12.934961,77.624095,41735.06,2026-03-02T00:00:00,False,item_not_as_described
ORD-dc74cb62fc,M_FashionNest,Elijah Bath,dfp_af7a6b16607904ae90ef,spadmanabhan@okhdfcbank,17.439639,78.345722,39767.76,2026-02-13T00:00:00,False,item_not_as_described
ORD-661e09dd03,M_ElectroHub,Chatresh Shroff,dfp_4dbfbd00b4c5b9862d03,onkarbhasin_S@oksbi,19.119811,72.847113,40262.91,2026-03-13T00:00:00,True,item_not_received
ORD-b500019a96,M_HomeBazaar,Aryan Gola,dfp_740f8f3507ea78d6ebc5,nisha34@okhdfcbank,19.119679,72.846978,2775.57,2026-05-28T00:00:00,False,item_not_as_described
ORD-3968fcebec,M_HomeBazaar,Lakshit Jain,dfp_a1c61c6608aaabfb978b,lakshchahal_R@ybl,13.001162,80.256648,47004.34,2026-02-23T00:00:00,True,item_not_received
ORD-c6a5d9679d,M_FashionNest,Guneet Sarkar,dfp_3c57c6bc4a9ea4606249,faqidoak@paytm,28.592743,77.062219,4822.17,2026-05-27T00:00:00,False,
ORD-f02adfa5ee,M_ElectroHub,Charita Buch,dfp_e4720c7966d455a4fece,chandernidra@ybl,28.595828,77.035922,19233.3,2026-02-10T00:00:00,False,
ORD-1e2efa7a14,M_ElectroHub,William Gandhi,dfp_4c2d164b80f71bd6f30b,sanayadutta@ybl,19.114459,72.85114,26962.61,2026-01-12T00:00:00,False,
ORD-1e2cddc48f,M_ElectroHub,Anvi Bhat,dfp_0dd803181139da164095,prishatandon@okhdfcbank,12.961314,77.649728,40433.85,2026-05-22T00:00:00,False,
ORD-49a621607b,M_HomeBazaar,Fiyaz Sangha,dfp_264b3ab0723a0bdf6216,triyagopal@ybl,28.591276,77.048597,5091.57,2026-01-24T00:00:00,False,item_not_as_described
ORD-cf9252cfef,M_FashionNest,Azaan Dhar,dfp_7d93597701ae5dc6dd62,ibanerjee@okhdfcbank,12.99503,80.266658,20872.81,2026-05-09T00:00:00,False,item_not_as_described
ORD-f25e31cd81,M_TrendMart,Anirudh Sharaf,dfp_c6e1205b27f8f24b12bb,munshipushti@paytm,17.448421,78.356914,6076.94,2026-06-07T00:00:00,False,item_not_as_described
ORD-ffe831288b,M_ElectroHub,William Date,dfp_05e2f0cba33e5d91a038,kcontractor@ybl,12.936493,77.622742,42956.49,2026-02-28T00:00:00,False,item_not_as_described
ORD-4b2d92cce1,M_HomeBazaar,Pallavi Grewal,dfp_00f658da68d8a037235b,syogi@okhdfcbank,17.426799,78.341369,9699.0,2026-05-31T00:00:00,False,item_not_as_described
ORD-4a6197de62,M_TrendMart,Bimala Choudhry,dfp_8e79077124d1493c57de,rsethi@okhdfcbank,12.93875,77.631941,39734.73,2026-05-31T00:00:00,False,
ORD-66014352ba,M_ElectroHub,Hemal Choudhry,dfp_339da020c73fccea64c7,shivani70@oksbi,17.430956,78.340679,21395.49,2026-04-13T00:00:00,False,
ORD-73b4c84c25,M_ElectroHub,Banjeet Balasubramanian,dfp_8d45bdb1e5684fa780d2,ryanbahri@oksbi,12.935155,77.622591,11851.92,2026-01-04T00:00:00,False,
ORD-5cb73e4984,M_TrendMart,Nihal Mukhopadhyay,dfp_ee8b5f112d196f345cbb,baldevika@paytm,12.9375,77.620078,20647.18,2026-03-02T00:00:00,False,
ORD-75d94adb83,M_TrendMart,Bhavna Dara,dfp_a7895167ef0f0cb82169,wrana@ybl,28.589376,77.049584,10425.01,2026-05-05T00:00:00,False,
ORD-6eda985a22,M_ElectroHub,Thomas Rana,dfp_0a6b66054783eb672beb,amblesamarth@okhdfcbank,13.003656,80.256775,6709.9,2026-05-12T00:00:00,False,item_not_as_described
ORD-2d090f59f4,M_ElectroHub,Frado Lad,dfp_bb3327a321e3ae4a21e7,bainsdhruv@ybl,28.587326,77.041006,8125.37,2026-06-10T00:00:00,False,item_not_as_described
ORD-ab4eb087c0,M_HomeBazaar,Kevin Zacharia,dfp_7e03856255a3f8caeed0,yachana42@paytm,17.437853,78.348904,10537.66,2026-05-05T00:00:00,False,item_not_as_described
ORD-7a4fd771af,M_ElectroHub,Michael Sha,dfp_700a438cc1c5758a47d4,ojasvi87@paytm,12.97955,80.272693,40165.96,2026-06-02T00:00:00,False,
ORD-e1e443e612,M_HomeBazaar,Jonathan Basak,dfp_a250af242d9b5fbd1bac,rbrar@oksbi,28.59269,77.046373,32347.18,2026-02-15T00:00:00,False,item_not_as_described
ORD-ecace11469,M_TrendMart,Nilima Narain,dfp_8707cb6db9051fe1e06c,jmerchant@okhdfcbank,17.450256,78.347353,17162.89,2026-05-06T00:00:00,False,item_not_as_described
ORD-3829ecd984,M_FashionNest,Idika Pandey,dfp_d2186ec7a67c59a774db,idikapandey@ybl,12.935075,77.624825,22154.43,2026-03-01T00:00:00,True,item_not_received
ORD-031687f38d,M_TrendMart,Jyoti Solanki,dfp_7269a66eb07455c4ddaf,pavani85@oksbi,28.596529,77.048061,6479.29,2026-03-30T00:00:00,False,item_not_as_described
ORD-d7d6b4e361,M_GadgetKart,Anya Dar,dfp_ed9e0698af1ab64797a6,akibe@oksbi,19.102308,72.830733,10220.28,2026-02-22T00:00:00,False,item_not_as_described
ORD-6db50db8a2,M_HomeBazaar,Madhav Balan,dfp_1a70531e0ba917227808,madhavbalan_A@ibl,13.000785,80.256601,55520.51,2026-06-21T00:00:00,True,item_not_received
ORD-b8ba51d7ca,M_TrendMart,Janya Baral,dfp_24882f2ab9d9d00a9ac6,shivansh31@ybl,28.594105,77.046755,22662.19,2026-03-14T00:00:00,False,item_not_as_described
ORD-9a2c703e5b,M_GadgetKart,Viraj Kunda,dfp_16e677d80f927e1e88b7,george96@ybl,12.928376,77.626574,19898.39,2026-03-23T00:00:00,False,
ORD-14d60a781f,M_GadgetKart,Zehaan Bansal,dfp_93bf5b32f5101439c003,bhavikaparikh@oksbi,12.922045,77.611689,10242.27,2026-01-11T00:00:00,False,item_not_as_described
ORD-4d633e6d5b,M_TrendMart,Qasim Bahl,dfp_be50dc3ffe2a9e0e4ae5,william51@okhdfcbank,12.933017,77.629343,25264.9,2026-03-10T00:00:00,False,
ORD-05ba074779,M_HomeBazaar,Maya Narain,dfp_b6042128911fc5199104,sneha43@ybl,12.929815,77.624432,36614.99,2026-03-29T00:00:00,False,
ORD-90a2da1917,M_FashionNest,Omaja Subramanian,dfp_ec8463742ffff22b0194,ngolla@oksbi,13.015745,80.26295,15901.07,2026-06-30T00:00:00,False,
ORD-f965d76f6d,M_GadgetKart,Atharv Chakraborty,dfp_80e9b4b94ba2c29d43d9,girik99@oksbi,28.571572,77.030083,26498.03,2026-06-29T00:00:00,False,
ORD-95d42cdb5a,M_GadgetKart,Kalpit Dyal,dfp_103ea4c44e44c5362dd8,abdul57@paytm,12.996933,80.261299,770.75,2026-05-03T00:00:00,False,
ORD-e997660081,M_GadgetKart,Brijesh Subramaniam,dfp_04e140c9c82c036ccb08,divya79@okhdfcbank,12.924085,77.638882,30959.61,2026-01-01T00:00:00,False,
ORD-99747d937c,M_HomeBazaar,Sudiksha Madan,dfp_e67850c1b6c892e30005,zayan31@oksbi,17.420286,78.346102,12691.27,2026-03-10T00:00:00,False,
ORD-d7c98bba05,M_ElectroHub,Upkaar Ranganathan,dfp_ff4bdab2320f9999301c,gautam60@oksbi,19.094284,72.837006,22852.95,2026-02-17T00:00:00,False,
ORD-ea51bff52a,M_ElectroHub,Damyanti Dutta,dfp_8041ab6469876aaf3004,tthakkar@ybl,12.99561,80.256535,24179.39,2026-05-21T00:00:00,False,
ORD-112d0de3f4,M_HomeBazaar,Caleb Verma,dfp_bf1ac405c787b6fc40eb,tara00@paytm,17.421328,78.34765,3232.15,2026-04-30T00:00:00,False,item_not_as_described
ORD-af14aa32ea,M_TrendMart,Krishna Baria,dfp_6e13e4f2907af8ed5402,jmallick@oksbi,12.934175,77.625162,5698.01,2026-05-01T00:00:00,False,
ORD-ff31eba738,M_TrendMart,Jairaj Panchal,dfp_84fc4e80bed04ba26d42,owenmane@oksbi,17.439213,78.352652,43903.48,2026-02-25T00:00:00,False,item_not_as_described
ORD-de1ad1c002,M_FashionNest,Wishi Sathe,dfp_c6ee0a1fa4b99669e14f,janiamara@oksbi,19.120292,72.846863,23478.06,2026-01-17T00:00:00,False,
ORD-93a84b17d7,M_FashionNest,Gabriel Bhatti,dfp_bf1ee26b88e9bced19cd,mitali78@paytm,12.945338,77.618959,33818.24,2026-01-04T00:00:00,False,item_not_as_described
ORD-ec8686e1bb,M_TrendMart,Frado Ben,dfp_e75abfe3e162f121223f,nakulbawa@ybl,13.002883,80.27366,13545.33,2026-05-15T00:00:00,False,
ORD-a236f7f2c9,M_GadgetKart,Mugdha Narula,dfp_d3607d3df6f747ba85f2,acherian@paytm,19.112997,72.848658,36410.8,2026-06-11T00:00:00,False,
ORD-1abf58238a,M_ElectroHub,Wakeeta Bal,dfp_cfcc5ba506637e5b0a29,jyoti78@oksbi,12.947627,77.614791,11815.07,2026-04-15T00:00:00,False,
ORD-c850f292a4,M_GadgetKart,Nidra Acharya,dfp_33d084db59a542a340fe,bhavini36@oksbi,12.939629,77.6227,28356.32,2026-06-03T00:00:00,False,item_not_as_described
ORD-c536ee3395,M_FashionNest,Madhav Balan,dfp_1a70531e0ba917227808,madhavbalan_A@ibl,13.001414,80.257151,18985.48,2026-06-02T00:00:00,True,item_not_received
ORD-916d14f509,M_HomeBazaar,Xiti Pandya,dfp_c21c8dda4ab19d08575e,ranganathanbrijesh@ybl,17.460731,78.349559,10194.71,2026-01-13T00:00:00,False,
ORD-78c034f5c8,M_HomeBazaar,Hritik Raja,dfp_a1f6c5fc388025779859,singhaltristan@oksbi,12.992182,80.276522,17985.87,2026-01-19T00:00:00,False,
ORD-b7ce097931,M_FashionNest,Bahadurjit Issac,dfp_17ef53a0e617f369547f,hchandra@paytm,13.009909,80.258239,41609.2,2026-04-09T00:00:00,False,
ORD-be48e63f80,M_HomeBazaar,Oni Virk,dfp_df1a0bf895e6ca0a5586,advika35@paytm,19.119457,72.84833,32705.87,2026-06-04T00:00:00,False,
ORD-ca7971e924,M_FashionNest,Charita Barad,dfp_a1eb50a846893dc0c52d,xbrar@oksbi,17.437301,78.34751,21814.53,2026-05-29T00:00:00,False,
ORD-0e8a161d9f,M_TrendMart,Idika Subramaniam,dfp_0d06bd9d093c928e3e8e,gauravsathe@okhdfcbank,12.945361,77.636505,29929.87,2026-06-14T00:00:00,False,item_not_as_described
ORD-67a771008c,M_ElectroHub,Hema Rout,dfp_f732d72285bc018fd2bb,udhar@oksbi,19.14055,72.842091,4508.07,2026-01-17T00:00:00,False,item_not_as_described
ORD-5e2d10e06b,M_FashionNest,Mekhala Issac,dfp_515c77d1c4b93d2bf604,kibeharsh@oksbi,12.930539,77.623904,1882.18,2026-07-19T00:00:00,False,item_not_as_described
ORD-fb81123e36,M_ElectroHub,Girik Pradhan,dfp_002d2245af104fb1ec8a,qadim16@ybl,28.595734,77.049859,22499.28,2026-01-07T00:00:00,False,item_not_as_described
ORD-b35ed35cd8,M_ElectroHub,Ishani Dugal,dfp_0e388ab0414416e5ad3a,alkaperi@ybl,17.450148,78.359981,12711.88,2026-05-02T00:00:00,False,item_not_as_described
ORD-6171567590,M_GadgetKart,Umang Jhaveri,dfp_c5e9c453cc02d5cecd26,nimrat80@paytm,28.590298,77.042797,2910.62,2026-03-09T00:00:00,False,item_not_as_described
ORD-5b4778f5a8,M_TrendMart,Advika Parsa,dfp_8e35fd8c3424da2eb3e2,daviddani@ybl,28.589679,77.027784,21692.18,2026-03-22T00:00:00,False,item_not_as_described
ORD-a34bada800,M_GadgetKart,Nirja Patla,dfp_b30723dd81c261eb7707,sachimane@oksbi,19.119277,72.847233,9458.76,2026-03-19T00:00:00,False,
ORD-1df55a3b11,M_HomeBazaar,Januja Sethi,dfp_575de2382c0059130036,chatterjeetristan@okhdfcbank,17.460143,78.34537,3512.64,2026-01-13T00:00:00,False,
ORD-b5d2476f21,M_FashionNest,Ladli Nayar,dfp_bae74314106bfe76817d,talwarekta@oksbi,19.137925,72.827348,7737.38,2026-03-30T00:00:00,False,
ORD-e1eacb2cc5,M_GadgetKart,Chavvi Maharaj,dfp_0bd93fb7e89c69a8522a,pandeyyashica@paytm,13.014348,80.240559,38063.27,2026-03-06T00:00:00,False,
ORD-5ab26a9b9d,M_HomeBazaar,Lajita Bassi,dfp_70d0d654731573c09ca0,lajitabassi@oksbi,28.591991,77.045979,3851.89,2026-05-29T00:00:00,False,
ORD-cd76cbcef3,M_GadgetKart,Falguni Datta,dfp_871b2534dbd9a3f0c2e3,sampathyashoda@okhdfcbank,13.001003,80.258147,30622.11,2026-04-22T00:00:00,False,item_not_as_described
ORD-b4280a0c61,M_FashionNest,Odika Nori,dfp_186917401bc07a006256,arastogi@ybl,19.114827,72.853403,23434.06,2026-04-23T00:00:00,False,item_not_as_described
ORD-ddf86e5feb,M_ElectroHub,Ekavir Kari,dfp_34732dd4441c35306c66,nikita67@ybl,17.419698,78.34851,25849.79,2026-01-10T00:00:00,False,
ORD-b39e407757,M_FashionNest,Tanish Prashad,dfp_c4ed194dae2c478debb0,jagvi77@paytm,28.567147,77.042914,43774.7,2026-06-02T00:00:00,False,item_not_as_described
ORD-68612b7f84,M_HomeBazaar,Chakrika Dua,dfp_6359a5cf12d73297b93c,forumkarpe@paytm,12.925893,77.640528,18827.12,2026-07-15T00:00:00,False,
ORD-e971fc71c0,M_FashionNest,Caleb Kata,dfp_1cc71a41c563fbe9fcf2,dpradhan@paytm,28.586854,77.045339,7634.28,2026-01-17T00:00:00,False,
ORD-50cdcba5b7,M_TrendMart,Forum Sarraf,dfp_b3f90058747e1fbdd998,qushi92@okhdfcbank,12.929812,77.647031,11411.83,2026-05-01T00:00:00,False,
ORD-32d2d2bd9a,M_ElectroHub,Frederick Kothari,dfp_33483b4073e50aeda218,sahaupkaar@ybl,12.927014,77.61615,40762.59,2026-05-11T00:00:00,False,item_not_as_described
ORD-1ba52a9bf0,M_TrendMart,Harrison Mangal,dfp_d15018610b5fd4ff7361,nirja46@oksbi,28.578985,77.049098,1602.19,2026-01-25T00:00:00,False,item_not_as_described
ORD-a1643b66fb,M_GadgetKart,Pooja Muni,dfp_a1c61c6608aaabfb978b,lakshchahal55@okhdfcbank,13.001176,80.256517,40355.22,2026-02-22T00:00:00,True,item_not_received
ORD-0164fea20b,M_FashionNest,Faraj Mistry,dfp_175ea454d82505a950b3,wrideshramachandran@ybl,12.98655,80.249417,24306.38,2026-05-12T00:00:00,False,item_not_as_described
ORD-159d533f10,M_ElectroHub,Daksh Dey,dfp_9826be20cf1385695acc,vivaan95@ybl,28.590647,77.048891,6030.76,2026-01-28T00:00:00,False,item_not_as_described
ORD-73e3135a35,M_HomeBazaar,Daksha Ahuja,dfp_f5cfc0b3b455c58338d1,nnatarajan@oksbi,13.001403,80.256426,7637.76,2026-04-19T00:00:00,False,
ORD-03ed39c0b3,M_HomeBazaar,Oliver Bhattacharyya,dfp_570d1732905baaead0f4,misrabina@oksbi,17.438832,78.356522,43657.62,2026-06-17T00:00:00,False,item_not_as_described
ORD-eb5db90775,M_GadgetKart,Wazir Naik,dfp_9ccca74973e4caeebef9,ghoshalka@okhdfcbank,12.933216,77.621963,38219.68,2026-03-25T00:00:00,False,item_not_as_described
ORD-09aa974278,M_GadgetKart,Wahab Magar,dfp_a1ca5a0fa6cf60488997,ekaja81@okhdfcbank,28.612716,77.047924,21105.78,2026-05-20T00:00:00,False,
ORD-57991cc35b,M_TrendMart,Quincy Issac,dfp_1ae55c370c22d6376f21,brindaraju@paytm,28.592157,77.046602,30917.09,2026-01-29T00:00:00,True,item_not_received
ORD-3c47578343,M_ElectroHub,Idika Malhotra,dfp_f1222f8acdd5fa028959,robertsha@okhdfcbank,17.440047,78.349962,28594.52,2026-02-22T00:00:00,False,item_not_as_described
ORD-69402b84a6,M_FashionNest,Bhavini Sheth,dfp_882f388758d1861bb4a6,olivernazareth@okhdfcbank,13.008563,80.240136,33767.65,2026-03-29T00:00:00,False,
ORD-69a0d9e028,M_FashionNest,Balhaar Ranganathan,dfp_bc640120fd1e12421de3,vgrewal@ybl,19.112881,72.854382,22350.64,2026-03-03T00:00:00,True,item_not_as_described
ORD-f06d8407dd,M_GadgetKart,Deepa Mand,dfp_919c1d4edf2307ed16da,ochaudhari@ybl,17.444529,78.338401,28571.33,2026-02-16T00:00:00,False,item_not_as_described
ORD-c6235991f9,M_TrendMart,Advik Vohra,dfp_e1b93585270246209a1b,hamsinivenkataraman@ybl,28.590328,77.034066,7159.52,2026-07-16T00:00:00,False,item_not_as_described
ORD-887d3dbb28,M_TrendMart,Saumya Deep,dfp_a1c61c6608aaabfb978b,lakshchahal@ybl,13.001093,80.256837,40075.43,2026-03-05T00:00:00,True,item_not_received
ORD-475f582b74,M_FashionNest,Garima Bala,dfp_5ec41a6fdfc44b574738,lalpranav@paytm,19.130215,72.837415,6607.78,2026-03-18T00:00:00,False,
ORD-be3e6252ae,M_GadgetKart,Baljiwan Chahal,dfp_c60e48641b601f7fa38d,bhagatpranav@paytm,12.935738,77.623559,18726.38,2026-05-05T00:00:00,False,
ORD-37f99e5083,M_ElectroHub,Omisha Khosla,dfp_a1c61c6608aaabfb978b,lakshchahal@ybl,13.00092,80.256566,13418.38,2026-02-20T00:00:00,True,item_not_received
ORD-cb9be0ae96,M_TrendMart,Dev Bath,dfp_58b34704300ef58a6086,parmaryadavi@paytm,19.118471,72.853002,12269.84,2026-01-17T00:00:00,False,item_not_as_described
ORD-f79230302e,M_FashionNest,Upasna Nagarajan,dfp_e53bf00f167243c341ca,kamalamunshi@oksbi,12.986765,80.272569,36913.99,2026-02-10T00:00:00,False,
ORD-553c7be48c,M_FashionNest,Ranbir Chowdhury,dfp_c80cd3007459ef26aa1f,sainiamol@oksbi,12.933712,77.628823,22523.85,2026-03-01T00:00:00,False,item_not_as_described
ORD-0482855bda,M_GadgetKart,Jagrati Sethi,dfp_a84a2afd265f662d9153,kapurlopa@oksbi,28.588524,77.061593,15781.92,2026-05-09T00:00:00,False,item_not_as_described
ORD-97fad7b4b6,M_TrendMart,Gaurang Dayal,dfp_eb1405893274fcb78e3d,zsanghvi@oksbi,19.126944,72.837077,19219.54,2026-02-06T00:00:00,False,
ORD-e1daa5e02c,M_GadgetKart,Manbir Dhar,dfp_07b4fb83a953f2ecdfde,vorajanya@okhdfcbank,12.944193,77.640602,39983.97,2026-02-09T00:00:00,False,item_not_as_described
ORD-b729c638bc,M_HomeBazaar,Daksha Rau,dfp_8579a83a68cbb066caf0,xiti87@paytm,12.949792,77.609311,9536.58,2026-06-24T00:00:00,False,
ORD-61137f20df,M_ElectroHub,Harrison Nanda,dfp_4081d99f0ba2295bc757,aashi28@paytm,17.420352,78.355252,10790.53,2026-04-05T00:00:00,False,
ORD-7762b16d66,M_HomeBazaar,Samesh Biswas,dfp_727a106299db94dba8fc,tarakkaul@okhdfcbank,12.937843,77.620737,25766.19,2026-05-27T00:00:00,False,
ORD-ed98f6cb77,M_GadgetKart,Nidhi Kala,dfp_db65b622ff97fd7d497d,ladurmi@oksbi,13.017648,80.256817,26228.64,2026-06-21T00:00:00,False,item_not_as_described
ORD-be29f11b05,M_GadgetKart,Keya Sankaran,dfp_6cc4bf686f16314dcff8,lajitachada@paytm,17.441572,78.349721,33931.75,2026-01-08T00:00:00,False,
ORD-a29854798c,M_HomeBazaar,Devansh Nayar,dfp_cfd4b36ff58d4e5340eb,ekta44@ybl,17.441454,78.34681,23403.76,2026-07-02T00:00:00,False,item_not_as_described
ORD-2e15a60c68,M_GadgetKart,Dalaja Gara,dfp_76ff52e9e89793582577,riya92@okhdfcbank,17.440082,78.34912,14860.19,2026-05-12T00:00:00,False,item_not_as_described
ORD-23f12e4197,M_GadgetKart,Krishna Viswanathan,dfp_49634907410812f5cd68,ghosereyansh@oksbi,12.954376,77.633589,514.28,2026-02-16T00:00:00,False,
ORD-5137837c0e,M_HomeBazaar,Rachita Mutti,dfp_d3d5b7d143a688116d4b,ramachandranjagat@ybl,28.598196,77.04242,9536.93,2026-06-07T00:00:00,False,
ORD-858e9bceb3,M_HomeBazaar,Balveer Kota,dfp_5bca27a034913bca296f,hsarna@okhdfcbank,13.011468,80.258638,21786.74,2026-05-10T00:00:00,False,item_not_as_described
ORD-518e0760b8,M_HomeBazaar,Nitara Devan,dfp_c5c94cda72cf1c22d5e0,ekanshdora@okhdfcbank,12.938078,77.625346,19429.98,2026-02-15T00:00:00,False,item_not_as_described
ORD-538b72578a,M_TrendMart,Ojasvi Bhatia,dfp_53152699678ee2242d9d,osharamachandran@ybl,28.59622,77.053864,22064.58,2026-02-14T00:00:00,False,item_not_as_described
ORD-29a712872f,M_GadgetKart,Qushi Dhillon,dfp_b3abfaf4ce26b0f1c614,qushidhillon95@okhdfcbank,12.935126,77.624418,56202.58,2026-03-02T00:00:00,True,item_not_received
ORD-faf977de5a,M_ElectroHub,Dalaja Maharaj,dfp_f778319e5eee42bcda62,wpuri@ybl,17.439428,78.34903,41418.64,2026-01-02T00:00:00,False,
ORD-774082d43f,M_FashionNest,Vrinda Chand,dfp_9a86e6275eb766608f6c,dbhakta@paytm,17.437,78.34265,35504.91,2026-03-06T00:00:00,False,item_not_as_described
ORD-ae622539bb,M_FashionNest,Kalpit Deshmukh,dfp_0abf56a39cec10b98938,fhora@ybl,12.948798,77.615609,32856.5,2026-02-06T00:00:00,False,item_not_as_described
ORD-19b37e1014,M_ElectroHub,Aarnav Chander,dfp_28737fa54999855b2970,eparmar@paytm,12.940189,77.627111,19055.94,2026-04-01T00:00:00,False,item_not_as_described
